1,529,2022-08-03,Barcelona,,0,0,0,0,0,0,0,0,0,0,0
2,529,2022-08-10,Barcelona,,0,0,0,0,0,0,0,0,0,0,0
3,530,2022-08-03,Atletico Madrid,,0,0,0,0,0,0,0,0,0,0,0
4,530,2022-08-10,Atletico Madrid,,0,0,0,0,0,0,0,0,0,0,0
5,531,2022-08-03,Athletic Club,,0,0,0,0,0,0,0,0,0,0,0
6,531,2022-08-10,Athletic Club,,0,0,0,0,0,0,0,0,0,0,0
7,532,2022-08-03,Valencia,,0,0,0,0,0,0,0,0,0,0,0
8,532,2022-08-10,Valencia,,0,0,0,0,0,0,0,0,0,0,0
9,533,2022-08-03,Villarreal,,0,0,0,0,0,0,0,0,0,0,0
10,533,2022-08-10,Villarreal,,0,0,0,0,0,0,0,0,0,0,0
11,536,2022-08-03,Sevilla,,0,0,0,0,0,0,0,0,0,0,0
12,536,2022-08-10,Sevilla,,0,0,0,0,0,0,0,0,0,0,0
13,538,2022-08-03,Celta Vigo,,0,0,0,0,0,0,0,0,0,0,0
14,538,2022-08-10,Celta Vigo,,0,0,0,0,0,0,0,0,0,0,0
15,540,2022-08-03,Espanyol,,0,0,0,0,0,0,0,0,0,0,0
16,540,2022-08-10,Espanyol,,0,0,0,0,0,0,0,0,0,0,0
17,541,2022-08-03,Real Madrid,,0,0,0,0,0,0,0,0,0,0,0
18,541,2022-08-10,Real Madrid,,0,0,0,0,0,0,0,0,0,0,0
19,543,2022-08-03,Real Betis,,0,0,0,0,0,0,0,0,0,0,0
20,543,2022-08-10,Real Betis,,0,0,0,0,0,0,0,0,0,0,0
21,546,2022-08-03,Getafe,,0,0,0,0,0,0,0,0,0,0,0
22,546,2022-08-10,Getafe,,0,0,0,0,0,0,0,0,0,0,0
23,547,2022-08-03,Girona,,0,0,0,0,0,0,0,0,0,0,0
24,547,2022-08-10,Girona,,0,0,0,0,0,0,0,0,0,0,0
25,548,2022-08-03,Real Sociedad,,0,0,0,0,0,0,0,0,0,0,0
26,548,2022-08-10,Real Sociedad,,0,0,0,0,0,0,0,0,0,0,0
27,720,2022-08-03,Valladolid,,0,0,0,0,0,0,0,0,0,0,0
28,720,2022-08-10,Valladolid,,0,0,0,0,0,0,0,0,0,0,0
29,723,2022-08-03,Almeria,,0,0,0,0,0,0,0,0,0,0,0
30,723,2022-08-10,Almeria,,0,0,0,0,0,0,0,0,0,0,0
31,724,2022-08-03,Cadiz,,0,0,0,0,0,0,0,0,0,0,0
32,724,2022-08-10,Cadiz,,0,0,0,0,0,0,0,0,0,0,0
33,727,2022-08-03,Osasuna,,0,0,0,0,0,0,0,0,0,0,0
34,727,2022-08-10,Osasuna,,0,0,0,0,0,0,0,0,0,0,0
35,728,2022-08-03,Rayo Vallecano,,0,0,0,0,0,0,0,0,0,0,0
36,728,2022-08-10,Rayo Vallecano,,0,0,0,0,0,0,0,0,0,0,0
37,797,2022-08-03,Elche,,0,0,0,0,0,0,0,0,0,0,0
38,797,2022-08-10,Elche,,0,0,0,0,0,0,0,0,0,0,0
39,798,2022-08-03,Mallorca,,0,0,0,0,0,0,0,0,0,0,0
40,798,2022-08-10,Mallorca,,0,0,0,0,0,0,0,0,0,0,0
41,529,2022-08-17,Barcelona,D,1,0,0,1,0,0,0,0,0,0,0
42,529,2022-08-24,Barcelona,DW,2,0,1,1,0,0,0,0,4,0,1
43,530,2022-08-17,Atletico Madrid,W,1,0,1,0,0,0,0,0,3,0,0
44,530,2022-08-24,Atletico Madrid,WL,2,0,1,0,0,1,0,0,3,2,0
45,531,2022-08-17,Athletic Club,D,1,0,0,1,0,0,0,0,0,0,0
46,531,2022-08-24,Athletic Club,DW,2,1,0,1,0,0,0,1,0,0,0
47,532,2022-08-17,Valencia,W,1,1,0,0,0,0,0,1,0,0,0
48,532,2022-08-24,Valencia,WL,2,1,0,0,0,0,1,1,0,0,1
49,533,2022-08-17,Villarreal,W,1,0,1,0,0,0,0,0,3,0,0
50,533,2022-08-24,Villarreal,WW,2,0,2,0,0,0,0,0,5,0,0
51,536,2022-08-17,Sevilla,L,1,0,0,0,0,0,1,0,1,0,2
52,536,2022-08-24,Sevilla,LD,2,0,0,1,0,0,1,1,1,1,2
53,538,2022-08-17,Celta Vigo,D,1,0,0,1,0,0,0,2,0,2,0
54,538,2022-08-24,Celta Vigo,DL,2,0,0,1,0,1,0,3,0,6,0
55,540,2022-08-17,Espanyol,D,1,0,0,0,1,0,0,0,2,0,2
56,540,2022-08-24,Espanyol,DL,2,0,0,0,1,1,0,0,2,2,2
57,541,2022-08-17,Real Madrid,W,1,0,1,0,0,0,0,0,2,0,1
58,541,2022-08-24,Real Madrid,WW,2,0,2,0,0,0,0,0,6,0,2
59,543,2022-08-17,Real Betis,W,1,1,0,0,0,0,0,3,0,0,0
60,543,2022-08-24,Real Betis,WW,2,1,1,0,0,0,0,3,2,0,1
61,546,2022-08-17,Getafe,L,1,0,0,0,0,1,0,0,0,3,0
62,546,2022-08-24,Getafe,LL,2,0,0,0,0,1,1,0,1,3,3
63,547,2022-08-17,Girona,L,1,0,0,0,0,0,1,0,0,0,1
64,547,2022-08-24,Girona,LW,2,1,0,0,0,0,1,3,0,1,1
65,548,2022-08-17,Real Sociedad,W,1,0,1,0,0,0,0,0,1,0,0
66,548,2022-08-24,Real Sociedad,WL,2,0,1,0,0,1,0,1,1,4,0
67,720,2022-08-17,Valladolid,L,1,0,0,0,0,1,0,0,0,3,0
68,720,2022-08-24,Valladolid,LD,2,0,0,0,1,1,0,0,1,3,1
69,723,2022-08-17,Almeria,L,1,0,0,0,0,1,0,1,0,2,0
70,723,2022-08-24,Almeria,LD,2,0,0,0,1,1,0,1,1,2,1
71,529,2022-09-07,Barcelona,DWWW,4,1,2,1,0,0,0,4,7,0,1
72,529,2022-09-14,Barcelona,DWWWW,5,1,3,1,0,0,0,4,11,0,1
73,530,2022-09-07,Atletico Madrid,WLWD,4,0,2,0,1,1,0,0,5,2,1
74,530,2022-09-14,Atletico Madrid,WLWDW,5,1,2,0,1,1,0,4,5,3,1
75,531,2022-09-07,Athletic Club,DWWL,4,1,1,1,0,1,0,1,4,1,0
76,531,2022-09-14,Athletic Club,DWWLW,5,1,2,1,0,1,0,1,8,1,1
77,532,2022-09-07,Valencia,WLLW,4,2,0,0,0,1,1,6,0,2,1
78,532,2022-09-14,Valencia,WLLWL,5,2,0,0,0,1,2,6,1,2,3
79,533,2022-09-07,Villarreal,WWDW,4,1,2,0,1,0,0,4,5,0,0
80,533,2022-09-14,Villarreal,WWDWL,5,1,2,0,1,0,1,4,5,0,1
81,536,2022-09-07,Sevilla,LDLL,4,0,0,1,0,1,2,1,2,4,4
82,536,2022-09-14,Sevilla,LDLLW,5,0,1,1,0,1,2,1,5,4,6
83,538,2022-09-07,Celta Vigo,DLWW,4,1,1,1,0,1,0,6,1,6,0
84,538,2022-09-14,Celta Vigo,DLWWL,5,1,1,1,0,1,1,6,2,6,4
85,540,2022-09-07,Espanyol,DLLW,4,0,1,0,1,2,0,1,3,5,2
86,540,2022-09-14,Espanyol,DLLWL,5,0,1,0,1,3,0,3,3,8,2
87,541,2022-09-07,Real Madrid,WWWW,4,1,3,0,0,0,0,2,9,1,3
88,541,2022-09-14,Real Madrid,WWWWW,5,2,3,0,0,0,0,6,9,2,3
107,543,2022-09-07,Real Betis,WWWL,4,2,1,0,0,0,1,4,3,0,3
108,543,2022-09-14,Real Betis,WWWLW,5,3,1,0,0,0,1,5,3,0,3
109,546,2022-09-07,Getafe,LLDL,4,0,0,1,0,1,2,0,2,3,8
110,546,2022-09-14,Getafe,LLDLW,5,1,0,1,0,1,2,2,2,4,8
111,547,2022-09-07,Girona,LWLD,4,1,0,0,1,1,1,3,1,2,2
112,547,2022-09-14,Girona,LWLDW,5,2,0,0,1,1,1,5,1,3,2
113,548,2022-09-07,Real Sociedad,WLWD,4,0,2,1,0,1,0,2,2,5,0
114,548,2022-09-14,Real Sociedad,WLWDL,5,0,2,1,0,1,1,2,3,5,2
115,720,2022-09-07,Valladolid,LDLW,4,1,0,0,1,1,1,1,1,3,5
116,720,2022-09-14,Valladolid,LDLWL,5,1,0,0,1,1,2,1,2,3,7
117,723,2022-09-07,Almeria,LDWL,4,1,0,0,1,1,1,3,1,3,2
118,723,2022-09-14,Almeria,LDWLL,5,1,0,0,1,2,1,3,1,4,2
119,724,2022-09-07,Cadiz,LLLL,4,0,0,0,0,2,2,0,0,5,5
120,724,2022-09-14,Cadiz,LLLLL,5,0,0,0,0,3,2,0,0,9,5
121,727,2022-09-07,Osasuna,WWLW,4,3,0,0,0,0,1,6,0,2,1
122,727,2022-09-14,Osasuna,WWLWW,5,3,1,0,0,0,1,6,1,2,1
123,728,2022-09-07,Rayo Vallecano,DWLL,4,0,1,0,1,1,1,0,3,2,2
124,728,2022-09-14,Rayo Vallecano,DWLLW,5,1,1,0,1,1,1,2,3,3,2
125,797,2022-09-07,Elche,LDLL,4,0,0,1,0,1,2,1,0,2,7
126,797,2022-09-14,Elche,LDLLL,5,0,0,1,0,2,2,2,0,6,7
127,798,2022-09-07,Mallorca,DLWD,4,0,1,1,1,1,0,2,2,3,0
128,798,2022-09-14,Mallorca,DLWDL,5,0,1,1,1,1,1,2,3,3,4
129,529,2022-09-21,Barcelona,DWWWWW,6,2,3,1,0,0,0,7,11,0,1
130,530,2022-09-21,Atletico Madrid,WLWDWL,6,1,2,0,1,2,0,5,5,5,1
131,531,2022-09-21,Athletic Club,DWWLWW,6,2,2,1,0,1,0,4,8,3,1
132,532,2022-09-21,Valencia,WLLWLW,6,3,0,0,0,1,2,9,1,2,3
133,533,2022-09-21,Villarreal,WWDWLD,6,1,2,1,1,0,1,5,5,1,1
134,536,2022-09-21,Sevilla,LDLLWD,6,0,1,1,1,1,2,1,6,4,7
135,538,2022-09-21,Celta Vigo,DLWWLL,6,1,1,1,0,1,2,6,2,6,7
136,540,2022-09-21,Espanyol,DLLWLL,6,0,1,0,1,3,1,3,4,8,4
137,541,2022-09-21,Real Madrid,WWWWWW,6,2,4,0,0,0,0,6,11,2,4
138,543,2022-09-21,Real Betis,WWWLWW,6,4,1,0,0,0,1,7,3,1,3
139,546,2022-09-21,Getafe,LLDLWW,6,1,1,1,0,1,2,2,4,4,8
140,547,2022-09-21,Girona,LWLDWL,6,2,0,0,1,1,2,5,2,3,4
141,548,2022-09-21,Real Sociedad,WLWDLW,6,1,2,1,0,1,1,4,3,6,2
142,720,2022-09-21,Valladolid,LDLWLL,6,1,0,0,1,2,2,1,2,4,7
143,723,2022-09-21,Almeria,LDWLLL,6,1,0,0,1,2,2,3,1,4,3
144,724,2022-09-21,Cadiz,LLLLLW,6,0,1,0,0,3,2,0,1,9,5
145,727,2022-09-21,Osasuna,WWLWWL,6,3,1,0,0,1,1,6,1,4,1
146,728,2022-09-21,Rayo Vallecano,DWLLWL,6,1,1,0,1,1,2,2,5,3,5
147,797,2022-09-21,Elche,LDLLLL,6,0,0,1,0,2,3,2,0,6,10
148,798,2022-09-21,Mallorca,DLWDLW,6,1,1,1,1,1,1,3,3,3,4
149,529,2022-09-28,Barcelona,DWWWWW,6,2,3,1,0,0,0,7,11,0,1
150,530,2022-09-28,Atletico Madrid,WLWDWL,6,1,2,0,1,2,0,5,5,5,1
151,531,2022-09-28,Athletic Club,DWWLWW,6,2,2,1,0,1,0,4,8,3,1
152,532,2022-09-28,Valencia,WLLWLW,6,3,0,0,0,1,2,9,1,2,3
153,533,2022-09-28,Villarreal,WWDWLD,6,1,2,1,1,0,1,5,5,1,1
154,536,2022-09-28,Sevilla,LDLLWD,6,0,1,1,1,1,2,1,6,4,7
155,538,2022-09-28,Celta Vigo,DLWWLL,6,1,1,1,0,1,2,6,2,6,7
156,540,2022-09-28,Espanyol,DLLWLL,6,0,1,0,1,3,1,3,4,8,4
157,541,2022-09-28,Real Madrid,WWWWWW,6,2,4,0,0,0,0,6,11,2,4
158,543,2022-09-28,Real Betis,WWWLWW,6,4,1,0,0,0,1,7,3,1,3
159,546,2022-09-28,Getafe,LLDLWW,6,1,1,1,0,1,2,2,4,4,8
160,547,2022-09-28,Girona,LWLDWL,6,2,0,0,1,1,2,5,2,3,4
161,548,2022-09-28,Real Sociedad,WLWDLW,6,1,2,1,0,1,1,4,3,6,2
162,720,2022-09-28,Valladolid,LDLWLL,6,1,0,0,1,2,2,1,2,4,7
163,723,2022-09-28,Almeria,LDWLLL,6,1,0,0,1,2,2,3,1,4,3
164,724,2022-09-28,Cadiz,LLLLLW,6,0,1,0,0,3,2,0,1,9,5
165,727,2022-09-28,Osasuna,WWLWWL,6,3,1,0,0,1,1,6,1,4,1
166,728,2022-09-28,Rayo Vallecano,DWLLWL,6,1,1,0,1,1,2,2,5,3,5
167,797,2022-09-28,Elche,LDLLLL,6,0,0,1,0,2,3,2,0,6,10
168,798,2022-09-28,Mallorca,DLWDLW,6,1,1,1,1,1,1,3,3,3,4
169,529,2022-10-05,Barcelona,DWWWWWW,7,2,4,1,0,0,0,7,12,0,1
170,530,2022-10-05,Atletico Madrid,WLWDWLW,7,1,3,0,1,2,0,5,7,5,1
171,531,2022-10-05,Athletic Club,DWWLWWW,7,3,2,1,0,1,0,8,8,3,1
172,532,2022-10-05,Valencia,WLLWLWD,7,3,0,0,1,1,2,9,3,2,5
173,533,2022-10-05,Villarreal,WWDWLDD,7,1,2,1,2,0,1,5,5,1,1
174,536,2022-10-05,Sevilla,LDLLWDL,7,0,1,1,1,2,2,1,6,6,7
175,538,2022-10-05,Celta Vigo,DLWWLLW,7,2,1,1,0,1,2,7,2,6,7
176,540,2022-10-05,Espanyol,DLLWLLD,7,0,1,1,1,3,1,5,4,10,4
177,541,2022-10-05,Real Madrid,WWWWWWD,7,2,4,1,0,0,0,7,11,3,4
178,543,2022-10-05,Real Betis,WWWLWWL,7,4,1,0,0,0,2,7,3,1,4
179,546,2022-10-05,Getafe,LLDLWWL,7,1,1,1,0,2,2,4,4,7,8
180,547,2022-10-05,Girona,LWLDWLL,7,2,0,0,1,2,2,8,2,8,4
181,548,2022-10-05,Real Sociedad,WLWDLWW,7,1,3,1,0,1,1,4,8,6,5
182,720,2022-10-05,Valladolid,LDLWLLW,7,1,1,0,1,2,2,1,5,4,9
183,723,2022-10-05,Almeria,LDWLLLL,7,1,0,0,1,2,3,3,1,4,7
184,529,2022-10-12,Barcelona,DWWWWWWW,8,3,4,1,0,0,0,8,12,0,1
185,529,2022-10-19,Barcelona,DWWWWWWWL,9,3,4,1,0,0,1,8,13,0,4
186,529,2022-10-26,Barcelona,DWWWWWWWLWW,11,5,4,1,0,0,1,15,13,0,4
187,529,2022-11-02,Barcelona,DWWWWWWWLWWW,12,5,5,1,0,0,1,15,14,0,4
188,529,2022-11-09,Barcelona,DWWWWWWWLWWWWW,14,6,6,1,0,0,1,17,16,0,5
189,529,2022-11-16,Barcelona,DWWWWWWWLWWWWW,14,6,6,1,0,0,1,17,16,0,5
190,529,2022-11-23,Barcelona,DWWWWWWWLWWWWW,14,6,6,1,0,0,1,17,16,0,5
191,529,2022-11-30,Barcelona,DWWWWWWWLWWWWW,14,6,6,1,0,0,1,17,16,0,5
192,529,2022-12-07,Barcelona,DWWWWWWWLWWWWW,14,6,6,1,0,0,1,17,16,0,5
193,529,2022-12-14,Barcelona,DWWWWWWWLWWWWW,14,6,6,1,0,0,1,17,16,0,5
194,529,2022-12-21,Barcelona,DWWWWWWWLWWWWW,14,6,6,1,0,0,1,17,16,0,5
195,529,2022-12-28,Barcelona,DWWWWWWWLWWWWW,14,6,6,1,0,0,1,17,16,0,5
196,530,2022-10-12,Atletico Madrid,WLWDWLWW,8,2,3,0,1,2,0,7,7,6,1
197,530,2022-10-19,Atletico Madrid,WLWDWLWWWD,10,2,4,1,1,2,0,8,8,7,1
198,530,2022-10-26,Atletico Madrid,WLWDWLWWWDW,11,2,5,1,1,2,0,8,10,7,2
199,530,2022-11-02,Atletico Madrid,WLWDWLWWWDWL,12,2,5,1,1,2,1,8,12,7,5
200,530,2022-11-09,Atletico Madrid,WLWDWLWWWDWLDL,14,2,5,2,1,2,2,9,12,8,6
201,530,2022-11-16,Atletico Madrid,WLWDWLWWWDWLDL,14,2,5,2,1,2,2,9,12,8,6
202,530,2022-11-23,Atletico Madrid,WLWDWLWWWDWLDL,14,2,5,2,1,2,2,9,12,8,6
203,530,2022-11-30,Atletico Madrid,WLWDWLWWWDWLDL,14,2,5,2,1,2,2,9,12,8,6
204,530,2022-12-07,Atletico Madrid,WLWDWLWWWDWLDL,14,2,5,2,1,2,2,9,12,8,6
205,530,2022-12-14,Atletico Madrid,WLWDWLWWWDWLDL,14,2,5,2,1,2,2,9,12,8,6
206,530,2022-12-21,Atletico Madrid,WLWDWLWWWDWLDL,14,2,5,2,1,2,2,9,12,8,6
207,530,2022-12-28,Atletico Madrid,WLWDWLWWWDWLDL,14,2,5,2,1,2,2,9,12,8,6
208,531,2022-10-12,Athletic Club,DWWLWWWD,8,3,2,1,1,1,0,8,9,3,2
209,531,2022-10-19,Athletic Club,DWWLWWWDLD,10,3,2,1,2,2,0,8,11,4,4
210,531,2022-10-26,Athletic Club,DWWLWWWDLDL,11,3,2,1,2,2,1,8,11,4,8
211,531,2022-11-02,Athletic Club,DWWLWWWDLDLW,12,4,2,1,2,2,1,9,11,4,8
212,531,2022-11-09,Athletic Club,DWWLWWWDLDLWLW,14,5,2,1,2,2,2,12,12,4,10
213,531,2022-11-16,Athletic Club,DWWLWWWDLDLWLW,14,5,2,1,2,2,2,12,12,4,10
214,531,2022-11-23,Athletic Club,DWWLWWWDLDLWLW,14,5,2,1,2,2,2,12,12,4,10
215,531,2022-11-30,Athletic Club,DWWLWWWDLDLWLW,14,5,2,1,2,2,2,12,12,4,10
216,531,2022-12-07,Athletic Club,DWWLWWWDLDLWLW,14,5,2,1,2,2,2,12,12,4,10
217,531,2022-12-14,Athletic Club,DWWLWWWDLDLWLW,14,5,2,1,2,2,2,12,12,4,10
218,531,2022-12-21,Athletic Club,DWWLWWWDLDLWLW,14,5,2,1,2,2,2,12,12,4,10
219,531,2022-12-28,Athletic Club,DWWLWWWDLDLWLW,14,5,2,1,2,2,2,12,12,4,10
220,532,2022-10-12,Valencia,WLLWLWDW,8,3,1,0,1,1,2,9,5,2,6
221,532,2022-10-19,Valencia,WLLWLWDWDD,10,3,1,1,2,1,2,11,6,4,7
222,532,2022-10-26,Valencia,WLLWLWDWDDL,11,3,1,1,2,2,2,12,6,6,7
223,532,2022-11-02,Valencia,WLLWLWDWDDLL,12,3,1,1,2,3,2,12,6,7,7
224,532,2022-11-09,Valencia,WLLWLWDWDDLLD,13,3,1,1,3,3,2,12,7,7,8
225,532,2022-11-16,Valencia,WLLWLWDWDDLLDW,14,4,1,1,3,3,2,15,7,7,8
226,532,2022-11-23,Valencia,WLLWLWDWDDLLDW,14,4,1,1,3,3,2,15,7,7,8
227,532,2022-11-30,Valencia,WLLWLWDWDDLLDW,14,4,1,1,3,3,2,15,7,7,8
228,532,2022-12-07,Valencia,WLLWLWDWDDLLDW,14,4,1,1,3,3,2,15,7,7,8
229,532,2022-12-14,Valencia,WLLWLWDWDDLLDW,14,4,1,1,3,3,2,15,7,7,8
230,532,2022-12-21,Valencia,WLLWLWDWDDLLDW,14,4,1,1,3,3,2,15,7,7,8
231,532,2022-12-28,Valencia,WLLWLWDWDDLLDW,14,4,1,1,3,3,2,15,7,7,8
232,533,2022-10-12,Villarreal,WWDWLDDL,8,1,2,1,2,0,2,5,5,1,2
233,533,2022-10-19,Villarreal,WWDWLDDLW,9,2,2,1,2,0,2,7,5,1,2
234,533,2022-10-26,Villarreal,WWDWLDDLWLW,11,3,2,1,2,0,3,9,5,2,5
235,533,2022-11-02,Villarreal,WWDWLDDLWLWL,12,3,2,1,2,0,4,9,5,2,6
236,533,2022-11-09,Villarreal,WWDWLDDLWLWLLW,14,3,3,1,2,1,4,9,6,4,6
237,533,2022-11-16,Villarreal,WWDWLDDLWLWLLW,14,3,3,1,2,1,4,9,6,4,6
238,533,2022-11-23,Villarreal,WWDWLDDLWLWLLW,14,3,3,1,2,1,4,9,6,4,6
239,533,2022-11-30,Villarreal,WWDWLDDLWLWLLW,14,3,3,1,2,1,4,9,6,4,6
240,533,2022-12-07,Villarreal,WWDWLDDLWLWLLW,14,3,3,1,2,1,4,9,6,4,6
241,533,2022-12-14,Villarreal,WWDWLDDLWLWLLW,14,3,3,1,2,1,4,9,6,4,6
242,533,2022-12-21,Villarreal,WWDWLDDLWLWLLW,14,3,3,1,2,1,4,9,6,4,6
243,533,2022-12-28,Villarreal,WWDWLDDLWLWLLW,14,3,3,1,2,1,4,9,6,4,6
244,536,2022-10-12,Sevilla,LDLLWDLD,8,0,1,2,1,2,2,2,6,7,7
245,536,2022-10-19,Sevilla,LDLLWDLDWD,10,0,2,3,1,2,2,3,7,8,7
246,536,2022-10-26,Sevilla,LDLLWDLDWDL,11,0,2,3,1,2,3,3,8,8,10
247,536,2022-11-02,Sevilla,LDLLWDLDWDLL,12,0,2,3,1,3,3,3,8,9,10
248,536,2022-11-09,Sevilla,LDLLWDLDWDLLDL,14,0,2,3,2,4,3,4,9,11,11
249,536,2022-11-16,Sevilla,LDLLWDLDWDLLDL,14,0,2,3,2,4,3,4,9,11,11
250,536,2022-11-23,Sevilla,LDLLWDLDWDLLDL,14,0,2,3,2,4,3,4,9,11,11
251,536,2022-11-30,Sevilla,LDLLWDLDWDLLDL,14,0,2,3,2,4,3,4,9,11,11
252,536,2022-12-07,Sevilla,LDLLWDLDWDLLDL,14,0,2,3,2,4,3,4,9,11,11
253,536,2022-12-14,Sevilla,LDLLWDLDWDLLDL,14,0,2,3,2,4,3,4,9,11,11
254,536,2022-12-21,Sevilla,LDLLWDLDWDLLDL,14,0,2,3,2,4,3,4,9,11,11
255,536,2022-12-28,Sevilla,LDLLWDLDWDLLDL,14,0,2,3,2,4,3,4,9,11,11
256,538,2022-10-12,Celta Vigo,DLWWLLWL,8,2,1,1,0,1,3,7,2,6,8
257,538,2022-10-19,Celta Vigo,DLWWLLWLLL,10,2,1,1,0,2,4,8,3,8,12
258,538,2022-10-26,Celta Vigo,DLWWLLWLLLD,11,2,1,2,0,2,4,9,3,9,12
259,538,2022-11-02,Celta Vigo,DLWWLLWLLLDL,12,2,1,2,0,2,5,9,4,9,15
260,538,2022-11-09,Celta Vigo,DLWWLLWLLLDLL,13,2,1,2,0,3,5,10,4,11,15
261,538,2022-11-16,Celta Vigo,DLWWLLWLLLDLLD,14,2,1,2,1,3,5,10,4,11,15
262,538,2022-11-23,Celta Vigo,DLWWLLWLLLDLLD,14,2,1,2,1,3,5,10,4,11,15
263,538,2022-11-30,Celta Vigo,DLWWLLWLLLDLLD,14,2,1,2,1,3,5,10,4,11,15
264,538,2022-12-07,Celta Vigo,DLWWLLWLLLDLLD,14,2,1,2,1,3,5,10,4,11,15
265,538,2022-12-14,Celta Vigo,DLWWLLWLLLDLLD,14,2,1,2,1,3,5,10,4,11,15
266,538,2022-12-21,Celta Vigo,DLWWLLWLLLDLLD,14,2,1,2,1,3,5,10,4,11,15
267,538,2022-12-28,Celta Vigo,DLWWLLWLLLDLLD,14,2,1,2,1,3,5,10,4,11,15
268,540,2022-10-12,Espanyol,DLLWLLDD,8,0,1,1,2,3,1,5,6,10,6
269,540,2022-10-19,Espanyol,DLLWLLDDW,9,1,1,1,2,3,1,6,6,10,6
270,540,2022-10-26,Espanyol,DLLWLLDDWLD,11,1,1,2,2,3,2,8,6,12,7
271,540,2022-11-02,Espanyol,DLLWLLDDWLDD,12,1,1,2,3,3,2,8,7,12,8
272,540,2022-11-09,Espanyol,DLLWLLDDWLDDDL,14,1,1,2,4,4,2,8,8,13,9
273,540,2022-11-16,Espanyol,DLLWLLDDWLDDDL,14,1,1,2,4,4,2,8,8,13,9
274,540,2022-11-23,Espanyol,DLLWLLDDWLDDDL,14,1,1,2,4,4,2,8,8,13,9
275,540,2022-11-30,Espanyol,DLLWLLDDWLDDDL,14,1,1,2,4,4,2,8,8,13,9
276,540,2022-12-07,Espanyol,DLLWLLDDWLDDDL,14,1,1,2,4,4,2,8,8,13,9
277,540,2022-12-14,Espanyol,DLLWLLDDWLDDDL,14,1,1,2,4,4,2,8,8,13,9
278,540,2022-12-21,Espanyol,DLLWLLDDWLDDDL,14,1,1,2,4,4,2,8,8,13,9
279,540,2022-12-28,Espanyol,DLLWLLDDWLDDDL,14,1,1,2,4,4,2,8,8,13,9
280,541,2022-10-12,Real Madrid,WWWWWWDW,8,2,5,1,0,0,0,7,12,3,4
281,541,2022-10-19,Real Madrid,WWWWWWDWWW,10,3,6,1,0,0,0,10,15,4,4
282,541,2022-10-26,Real Madrid,WWWWWWDWWWW,11,4,6,1,0,0,0,13,15,5,4
283,541,2022-11-02,Real Madrid,WWWWWWDWWWWD,12,4,6,2,0,0,0,14,15,6,4
284,541,2022-11-09,Real Madrid,WWWWWWDWWWWDL,13,4,6,2,0,0,1,14,17,6,7
285,541,2022-11-16,Real Madrid,WWWWWWDWWWWDLW,14,5,6,2,0,0,1,16,17,7,7
286,541,2022-11-23,Real Madrid,WWWWWWDWWWWDLW,14,5,6,2,0,0,1,16,17,7,7
287,541,2022-11-30,Real Madrid,WWWWWWDWWWWDLW,14,5,6,2,0,0,1,16,17,7,7
288,541,2022-12-07,Real Madrid,WWWWWWDWWWWDLW,14,5,6,2,0,0,1,16,17,7,7
289,541,2022-12-14,Real Madrid,WWWWWWDWWWWDLW,14,5,6,2,0,0,1,16,17,7,7
290,541,2022-12-21,Real Madrid,WWWWWWDWWWWDLW,14,5,6,2,0,0,1,16,17,7,7
291,541,2022-12-28,Real Madrid,WWWWWWDWWWWDLW,14,5,6,2,0,0,1,16,17,7,7
292,543,2022-10-12,Real Betis,WWWLWWLD,8,4,1,0,1,0,2,7,3,1,4
293,543,2022-10-19,Real Betis,WWWLWWLDWD,10,5,1,0,2,0,2,10,3,2,4
294,543,2022-10-26,Real Betis,WWWLWWLDWDL,11,5,1,0,2,1,2,11,3,4,4
295,543,2022-11-02,Real Betis,WWWLWWLDWDLW,12,5,2,0,2,1,2,11,5,4,4
296,543,2022-11-09,Real Betis,WWWLWWLDWDLWD,13,5,2,1,2,1,2,12,5,5,4
297,543,2022-11-16,Real Betis,WWWLWWLDWDLWDL,14,5,2,1,2,1,3,12,5,5,7
298,543,2022-11-23,Real Betis,WWWLWWLDWDLWDL,14,5,2,1,2,1,3,12,5,5,7
299,543,2022-11-30,Real Betis,WWWLWWLDWDLWDL,14,5,2,1,2,1,3,12,5,5,7
300,543,2022-12-07,Real Betis,WWWLWWLDWDLWDL,14,5,2,1,2,1,3,12,5,5,7
301,543,2022-12-14,Real Betis,WWWLWWLDWDLWDL,14,5,2,1,2,1,3,12,5,5,7
302,543,2022-12-21,Real Betis,WWWLWWLDWDLWDL,14,5,2,1,2,1,3,12,5,5,7
303,543,2022-12-28,Real Betis,WWWLWWLDWDLWDL,14,5,2,1,2,1,3,12,5,5,7
304,546,2022-10-12,Getafe,LLDLWWLL,8,1,1,1,0,3,2,4,4,8,8
305,546,2022-10-19,Getafe,LLDLWWLLDD,10,1,1,2,1,3,2,6,4,10,8
306,546,2022-10-26,Getafe,LLDLWWLLDDD,11,1,1,2,2,3,2,6,5,10,9
307,546,2022-11-02,Getafe,LLDLWWLLDDDW,12,1,2,2,2,3,2,6,6,10,9
308,546,2022-11-09,Getafe,LLDLWWLLDDDWDL,14,1,2,3,2,3,3,6,6,10,10
309,546,2022-11-16,Getafe,LLDLWWLLDDDWDL,14,1,2,3,2,3,3,6,6,10,10
310,546,2022-11-23,Getafe,LLDLWWLLDDDWDL,14,1,2,3,2,3,3,6,6,10,10
311,546,2022-11-30,Getafe,LLDLWWLLDDDWDL,14,1,2,3,2,3,3,6,6,10,10
312,546,2022-12-07,Getafe,LLDLWWLLDDDWDL,14,1,2,3,2,3,3,6,6,10,10
313,546,2022-12-14,Getafe,LLDLWWLLDDDWDL,14,1,2,3,2,3,3,6,6,10,10
314,546,2022-12-21,Getafe,LLDLWWLLDDDWDL,14,1,2,3,2,3,3,6,6,10,10
315,546,2022-12-28,Getafe,LLDLWWLLDDDWDL,14,1,2,3,2,3,3,6,6,10,10
316,547,2022-10-12,Girona,LWLDWLLL,8,2,0,0,1,2,3,8,3,8,6
317,547,2022-10-19,Girona,LWLDWLLLD,9,2,0,1,1,2,3,9,3,9,6
318,547,2022-10-26,Girona,LWLDWLLLDLD,11,2,0,2,1,2,4,10,5,10,9
319,547,2022-11-02,Girona,LWLDWLLLDLDD,12,2,0,2,2,2,4,10,6,10,10
320,547,2022-11-09,Girona,LWLDWLLLDLDDWW,14,3,1,2,2,2,4,12,8,11,11
321,547,2022-11-16,Girona,LWLDWLLLDLDDWW,14,3,1,2,2,2,4,12,8,11,11
322,547,2022-11-23,Girona,LWLDWLLLDLDDWW,14,3,1,2,2,2,4,12,8,11,11
323,547,2022-11-30,Girona,LWLDWLLLDLDDWW,14,3,1,2,2,2,4,12,8,11,11
324,547,2022-12-07,Girona,LWLDWLLLDLDDWW,14,3,1,2,2,2,4,12,8,11,11
325,547,2022-12-14,Girona,LWLDWLLLDLDDWW,14,3,1,2,2,2,4,12,8,11,11
326,547,2022-12-21,Girona,LWLDWLLLDLDDWW,14,3,1,2,2,2,4,12,8,11,11
327,547,2022-12-28,Girona,LWLDWLLLDLDDWW,14,3,1,2,2,2,4,12,8,11,11
328,548,2022-10-12,Real Sociedad,WLWDLWWW,8,2,3,1,0,1,1,5,8,6,5
329,548,2022-10-19,Real Sociedad,WLWDLWWWWW,10,3,4,1,0,1,1,6,10,6,6
330,548,2022-10-26,Real Sociedad,WLWDLWWWWWL,11,3,4,1,0,1,2,6,10,6,7
331,548,2022-11-02,Real Sociedad,WLWDLWWWWWLL,12,3,4,1,0,2,2,6,10,8,7
332,548,2022-11-09,Real Sociedad,WLWDLWWWWWLLDW,14,3,5,2,0,2,2,7,12,9,8
333,548,2022-11-16,Real Sociedad,WLWDLWWWWWLLDW,14,3,5,2,0,2,2,7,12,9,8
334,548,2022-11-23,Real Sociedad,WLWDLWWWWWLLDW,14,3,5,2,0,2,2,7,12,9,8
335,548,2022-11-30,Real Sociedad,WLWDLWWWWWLLDW,14,3,5,2,0,2,2,7,12,9,8
336,548,2022-12-07,Real Sociedad,WLWDLWWWWWLLDW,14,3,5,2,0,2,2,7,12,9,8
337,548,2022-12-14,Real Sociedad,WLWDLWWWWWLLDW,14,3,5,2,0,2,2,7,12,9,8
338,548,2022-12-21,Real Sociedad,WLWDLWWWWWLLDW,14,3,5,2,0,2,2,7,12,9,8
339,548,2022-12-28,Real Sociedad,WLWDLWWWWWLLDW,14,3,5,2,0,2,2,7,12,9,8
340,720,2022-10-12,Valladolid,LDLWLLWD,8,1,1,1,1,2,2,1,5,4,9
341,720,2022-10-19,Valladolid,LDLWLLWDLW,10,2,1,1,1,2,3,5,5,5,10
342,720,2022-10-26,Valladolid,LDLWLLWDLWW,11,3,1,1,1,2,3,6,5,5,10
343,720,2022-11-02,Valladolid,LDLWLLWDLWWL,12,3,1,1,1,2,4,6,5,5,12
344,720,2022-11-09,Valladolid,LDLWLLWDLWWLWL,14,4,1,1,1,2,5,8,5,6,15
345,720,2022-11-16,Valladolid,LDLWLLWDLWWLWL,14,4,1,1,1,2,5,8,5,6,15
346,720,2022-11-23,Valladolid,LDLWLLWDLWWLWL,14,4,1,1,1,2,5,8,5,6,15
347,720,2022-11-30,Valladolid,LDLWLLWDLWWLWL,14,4,1,1,1,2,5,8,5,6,15
348,720,2022-12-07,Valladolid,LDLWLLWDLWWLWL,14,4,1,1,1,2,5,8,5,6,15
349,720,2022-12-14,Valladolid,LDLWLLWDLWWLWL,14,4,1,1,1,2,5,8,5,6,15
350,720,2022-12-21,Valladolid,LDLWLLWDLWWLWL,14,4,1,1,1,2,5,8,5,6,15
351,720,2022-12-28,Valladolid,LDLWLLWDLWWLWL,14,4,1,1,1,2,5,8,5,6,15
352,723,2022-10-12,Almeria,LDWLLLLW,8,2,0,0,1,2,3,6,1,5,7
353,723,2022-10-19,Almeria,LDWLLLLWL,9,2,0,0,1,2,4,6,2,5,10
354,723,2022-10-26,Almeria,LDWLLLLWLWL,11,3,0,0,1,2,5,9,3,7,12
355,723,2022-11-02,Almeria,LDWLLLLWLWLW,12,4,0,0,1,2,5,12,3,8,12
356,723,2022-11-09,Almeria,LDWLLLLWLWLWLW,14,5,0,0,1,2,6,13,3,8,14
357,723,2022-11-16,Almeria,LDWLLLLWLWLWLW,14,5,0,0,1,2,6,13,3,8,14
358,723,2022-11-23,Almeria,LDWLLLLWLWLWLW,14,5,0,0,1,2,6,13,3,8,14
359,723,2022-11-30,Almeria,LDWLLLLWLWLWLW,14,5,0,0,1,2,6,13,3,8,14
360,723,2022-12-07,Almeria,LDWLLLLWLWLWLW,14,5,0,0,1,2,6,13,3,8,14
361,723,2022-12-14,Almeria,LDWLLLLWLWLWLW,14,5,0,0,1,2,6,13,3,8,14
362,723,2022-12-21,Almeria,LDWLLLLWLWLWLW,14,5,0,0,1,2,6,13,3,8,14
363,723,2022-12-28,Almeria,LDWLLLLWLWLWLW,14,5,0,0,1,2,6,13,3,8,14
364,724,2022-10-05,Cadiz,LLLLLWD,7,0,1,1,0,3,2,0,1,9,5
365,724,2022-10-12,Cadiz,LLLLLWDD,8,0,1,2,0,3,2,2,1,11,5
366,724,2022-10-19,Cadiz,LLLLLWDDDD,10,0,1,3,1,3,2,2,2,11,6
367,724,2022-10-26,Cadiz,LLLLLWDDDDL,11,0,1,3,1,3,3,2,3,11,11
368,724,2022-11-02,Cadiz,LLLLLWDDDDLW,12,1,1,3,1,3,3,5,3,13,11
369,724,2022-11-09,Cadiz,LLLLLWDDDDLWD,13,1,1,3,2,3,3,5,3,13,11
370,724,2022-11-16,Cadiz,LLLLLWDDDDLWDL,14,1,1,3,2,3,4,5,4,13,13
371,724,2022-11-23,Cadiz,LLLLLWDDDDLWDL,14,1,1,3,2,3,4,5,4,13,13
372,724,2022-11-30,Cadiz,LLLLLWDDDDLWDL,14,1,1,3,2,3,4,5,4,13,13
373,724,2022-12-07,Cadiz,LLLLLWDDDDLWDL,14,1,1,3,2,3,4,5,4,13,13
374,724,2022-12-14,Cadiz,LLLLLWDDDDLWDL,14,1,1,3,2,3,4,5,4,13,13
375,724,2022-12-21,Cadiz,LLLLLWDDDDLWDL,14,1,1,3,2,3,4,5,4,13,13
376,724,2022-12-28,Cadiz,LLLLLWDDDDLWDL,14,1,1,3,2,3,4,5,4,13,13
377,727,2022-10-05,Osasuna,WWLWWLD,7,3,1,0,1,1,1,6,2,4,2
378,727,2022-10-12,Osasuna,WWLWWLDL,8,3,1,0,1,2,1,7,2,6,2
379,727,2022-10-19,Osasuna,WWLWWLDLL,9,3,1,0,1,2,2,7,2,6,4
380,727,2022-10-26,Osasuna,WWLWWLDLLWD,11,4,1,0,2,2,2,8,3,6,5
381,727,2022-11-02,Osasuna,WWLWWLDLLWDW,12,5,1,0,2,2,2,10,3,6,5
382,727,2022-11-09,Osasuna,WWLWWLDLLWDWWL,14,5,2,0,2,3,2,11,5,8,6
383,727,2022-11-16,Osasuna,WWLWWLDLLWDWWL,14,5,2,0,2,3,2,11,5,8,6
384,727,2022-11-23,Osasuna,WWLWWLDLLWDWWL,14,5,2,0,2,3,2,11,5,8,6
385,727,2022-11-30,Osasuna,WWLWWLDLLWDWWL,14,5,2,0,2,3,2,11,5,8,6
386,727,2022-12-07,Osasuna,WWLWWLDLLWDWWL,14,5,2,0,2,3,2,11,5,8,6
387,727,2022-12-14,Osasuna,WWLWWLDLLWDWWL,14,5,2,0,2,3,2,11,5,8,6
388,727,2022-12-21,Osasuna,WWLWWLDLLWDWWL,14,5,2,0,2,3,2,11,5,8,6
389,727,2022-12-28,Osasuna,WWLWWLDLLWDWWL,14,5,2,0,2,3,2,11,5,8,6
390,728,2022-10-05,Rayo Vallecano,DWLLWLW,7,2,1,0,1,1,2,4,5,4,5
391,728,2022-10-12,Rayo Vallecano,DWLLWLWL,8,2,1,0,1,1,3,4,6,4,8
392,728,2022-10-19,Rayo Vallecano,DWLLWLWLDD,10,2,1,1,2,1,3,4,7,4,9
393,728,2022-10-26,Rayo Vallecano,DWLLWLWLDDW,11,3,1,1,2,1,3,9,7,5,9
394,728,2022-11-02,Rayo Vallecano,DWLLWLWLDDWW,12,3,2,1,2,1,3,9,8,5,9
395,728,2022-11-09,Rayo Vallecano,DWLLWLWLDDWWW,13,4,2,1,2,1,3,12,8,7,9
396,728,2022-11-16,Rayo Vallecano,DWLLWLWLDDWWWD,14,4,2,2,2,1,3,12,8,7,9
397,728,2022-11-23,Rayo Vallecano,DWLLWLWLDDWWWD,14,4,2,2,2,1,3,12,8,7,9
398,728,2022-11-30,Rayo Vallecano,DWLLWLWLDDWWWD,14,4,2,2,2,1,3,12,8,7,9
399,728,2022-12-07,Rayo Vallecano,DWLLWLWLDDWWWD,14,4,2,2,2,1,3,12,8,7,9
400,728,2022-12-14,Rayo Vallecano,DWLLWLWLDDWWWD,14,4,2,2,2,1,3,12,8,7,9
401,728,2022-12-21,Rayo Vallecano,DWLLWLWLDDWWWD,14,4,2,2,2,1,3,12,8,7,9
402,728,2022-12-28,Rayo Vallecano,DWLLWLWLDDWWWD,14,4,2,2,2,1,3,12,8,7,9
403,797,2022-10-05,Elche,LDLLLLL,7,0,0,1,0,2,4,2,1,6,12
404,797,2022-10-12,Elche,LDLLLLLD,8,0,0,2,0,2,4,3,1,7,12
405,797,2022-10-19,Elche,LDLLLLLDDL,10,0,0,2,1,3,4,3,3,10,14
406,797,2022-10-26,Elche,LDLLLLLDDLD,11,0,0,2,2,3,4,3,5,10,16
407,797,2022-11-02,Elche,LDLLLLLDDLDL,12,0,0,2,2,4,4,3,5,11,16
408,797,2022-11-09,Elche,LDLLLLLDDLDLLL,14,0,0,2,2,5,5,4,6,13,18
409,797,2022-11-16,Elche,LDLLLLLDDLDLLL,14,0,0,2,2,5,5,4,6,13,18
410,797,2022-11-23,Elche,LDLLLLLDDLDLLL,14,0,0,2,2,5,5,4,6,13,18
411,797,2022-11-30,Elche,LDLLLLLDDLDLLL,14,0,0,2,2,5,5,4,6,13,18
412,797,2022-12-07,Elche,LDLLLLLDDLDLLL,14,0,0,2,2,5,5,4,6,13,18
413,797,2022-12-14,Elche,LDLLLLLDDLDLLL,14,0,0,2,2,5,5,4,6,13,18
414,797,2022-12-21,Elche,LDLLLLLDDLDLLL,14,0,0,2,2,5,5,4,6,13,18
415,797,2022-12-28,Elche,LDLLLLLDDLDLLL,14,0,0,2,2,5,5,4,6,13,18
416,798,2022-10-05,Mallorca,DLWDLWL,7,1,1,1,1,2,1,3,3,4,4
417,798,2022-10-12,Mallorca,DLWDLWLD,8,1,1,1,2,2,1,3,4,4,5
418,798,2022-10-19,Mallorca,DLWDLWLDLL,10,1,1,1,2,3,2,3,4,5,6
419,798,2022-10-26,Mallorca,DLWDLWLDLLW,11,1,2,1,2,3,2,3,6,5,7
420,798,2022-11-02,Mallorca,DLWDLWLDLLWD,12,1,2,2,2,3,2,4,6,6,7
421,798,2022-11-09,Mallorca,DLWDLWLDLLWDWW,14,2,3,2,2,3,2,5,8,6,7
422,798,2022-11-16,Mallorca,DLWDLWLDLLWDWW,14,2,3,2,2,3,2,5,8,6,7
423,798,2022-11-23,Mallorca,DLWDLWLDLLWDWW,14,2,3,2,2,3,2,5,8,6,7
424,798,2022-11-30,Mallorca,DLWDLWLDLLWDWW,14,2,3,2,2,3,2,5,8,6,7
425,798,2022-12-07,Mallorca,DLWDLWLDLLWDWW,14,2,3,2,2,3,2,5,8,6,7
426,798,2022-12-14,Mallorca,DLWDLWLDLLWDWW,14,2,3,2,2,3,2,5,8,6,7
427,798,2022-12-21,Mallorca,DLWDLWLDLLWDWW,14,2,3,2,2,3,2,5,8,6,7
428,798,2022-12-28,Mallorca,DLWDLWLDLLWDWW,14,2,3,2,2,3,2,5,8,6,7
481,529,2023-01-04,Barcelona,DWWWWWWWLWWWWWD,15,6,6,2,0,0,1,18,16,1,5
482,529,2023-01-11,Barcelona,DWWWWWWWLWWWWWDW,16,6,7,2,0,0,1,18,17,1,5
483,529,2023-01-18,Barcelona,DWWWWWWWLWWWWWDW,16,6,7,2,0,0,1,18,17,1,5
484,529,2023-01-25,Barcelona,DWWWWWWWLWWWWWDWW,17,7,7,2,0,0,1,19,17,1,5
485,529,2023-02-01,Barcelona,DWWWWWWWLWWWWWDWWWW,19,7,9,2,0,0,1,19,20,1,6
486,529,2023-02-08,Barcelona,DWWWWWWWLWWWWWDWWWWW,20,8,9,2,0,0,1,22,20,1,6
487,529,2023-02-15,Barcelona,DWWWWWWWLWWWWWDWWWWWW,21,8,10,2,0,0,1,22,21,1,6
488,529,2023-02-22,Barcelona,DWWWWWWWLWWWWWDWWWWWWW,22,9,10,2,0,0,1,24,21,1,6
489,529,2023-03-01,Barcelona,DWWWWWWWLWWWWWDWWWWWWWL,23,9,10,2,0,0,2,24,21,1,7
490,529,2023-03-08,Barcelona,DWWWWWWWLWWWWWDWWWWWWWLW,24,10,10,2,0,0,2,25,21,1,7
491,529,2023-03-15,Barcelona,DWWWWWWWLWWWWWDWWWWWWWLWW,25,10,11,2,0,0,2,25,22,1,7
492,529,2023-03-22,Barcelona,DWWWWWWWLWWWWWDWWWWWWWLWWW,26,11,11,2,0,0,2,27,22,2,7
493,529,2023-03-29,Barcelona,DWWWWWWWLWWWWWDWWWWWWWLWWW,26,11,11,2,0,0,2,27,22,2,7
494,529,2023-04-05,Barcelona,DWWWWWWWLWWWWWDWWWWWWWLWWWW,27,11,12,2,0,0,2,27,26,2,7
495,529,2023-04-12,Barcelona,DWWWWWWWLWWWWWDWWWWWWWLWWWWD,28,11,12,3,0,0,2,27,26,2,7
496,529,2023-04-19,Barcelona,DWWWWWWWLWWWWWDWWWWWWWLWWWWDD,29,11,12,3,1,0,2,27,26,2,7
497,529,2023-04-26,Barcelona,DWWWWWWWLWWWWWDWWWWWWWLWWWWDDWL,31,12,12,3,1,0,3,28,27,2,9
498,529,2023-05-03,Barcelona,DWWWWWWWLWWWWWDWWWWWWWLWWWWDDWLWW,33,14,12,3,1,0,3,33,27,2,9
499,529,2023-05-10,Barcelona,DWWWWWWWLWWWWWDWWWWWWWLWWWWDDWLWW,33,14,12,3,1,0,3,33,27,2,9
500,529,2023-05-17,Barcelona,DWWWWWWWLWWWWWDWWWWWWWLWWWWDDWLWWW,34,14,13,3,1,0,3,33,31,2,11
501,529,2023-05-24,Barcelona,DWWWWWWWLWWWWWDWWWWWWWLWWWWDDWLWWWLL,36,14,13,3,1,1,4,34,32,4,14
502,529,2023-05-31,Barcelona,DWWWWWWWLWWWWWDWWWWWWWLWWWWDDWLWWWLLW,37,15,13,3,1,1,4,37,32,4,14
503,529,2023-06-07,Barcelona,DWWWWWWWLWWWWWDWWWWWWWLWWWWDDWLWWWLLWL,38,15,13,3,1,1,5,37,33,4,16
504,530,2023-01-04,Atletico Madrid,WLWDWLWWWDWLDLW,15,3,5,2,1,2,2,11,12,8,6
505,530,2023-01-11,Atletico Madrid,WLWDWLWWWDWLDLWL,16,3,5,2,1,3,2,11,12,9,6
506,530,2023-01-18,Atletico Madrid,WLWDWLWWWDWLDLWLD,17,3,5,2,2,3,2,11,13,9,7
507,530,2023-01-25,Atletico Madrid,WLWDWLWWWDWLDLWLDW,18,4,5,2,2,3,2,14,13,9,7
508,530,2023-02-01,Atletico Madrid,WLWDWLWWWDWLDLWLDWW,19,4,6,2,2,3,2,14,14,9,7
509,530,2023-02-08,Atletico Madrid,WLWDWLWWWDWLDLWLDWWD,20,4,6,3,2,3,2,15,14,10,7
510,530,2023-02-15,Atletico Madrid,WLWDWLWWWDWLDLWLDWWDW,21,4,7,3,2,3,2,15,15,10,7
511,530,2023-02-22,Atletico Madrid,WLWDWLWWWDWLDLWLDWWDWW,22,5,7,3,2,3,2,16,15,10,7
512,530,2023-03-01,Atletico Madrid,WLWDWLWWWDWLDLWLDWWDWWD,23,5,7,3,3,3,2,16,16,10,8
513,530,2023-03-08,Atletico Madrid,WLWDWLWWWDWLDLWLDWWDWWDW,24,6,7,3,3,3,2,22,16,11,8
514,530,2023-03-15,Atletico Madrid,WLWDWLWWWDWLDLWLDWWDWWDWW,25,6,8,3,3,3,2,22,17,11,8
515,530,2023-03-22,Atletico Madrid,WLWDWLWWWDWLDLWLDWWDWWDWWW,26,7,8,3,3,3,2,25,17,11,8
516,530,2023-03-29,Atletico Madrid,WLWDWLWWWDWLDLWLDWWDWWDWWW,26,7,8,3,3,3,2,25,17,11,8
517,530,2023-04-05,Atletico Madrid,WLWDWLWWWDWLDLWLDWWDWWDWWWW,27,8,8,3,3,3,2,26,17,11,8
518,530,2023-04-12,Atletico Madrid,WLWDWLWWWDWLDLWLDWWDWWDWWWWW,28,8,9,3,3,3,2,26,19,11,9
519,530,2023-04-19,Atletico Madrid,WLWDWLWWWDWLDLWLDWWDWWDWWWWWW,29,9,9,3,3,3,2,28,19,12,9
520,530,2023-04-26,Atletico Madrid,WLWDWLWWWDWLDLWLDWWDWWDWWWWWWLW,31,10,9,3,3,3,3,31,19,13,10
521,530,2023-05-03,Atletico Madrid,WLWDWLWWWDWLDLWLDWWDWWDWWWWWWLWWW,33,11,10,3,3,3,3,36,24,14,12
522,530,2023-05-10,Atletico Madrid,WLWDWLWWWDWLDLWLDWWDWWDWWWWWWLWWW,33,11,10,3,3,3,3,36,24,14,12
523,530,2023-05-17,Atletico Madrid,WLWDWLWWWDWLDLWLDWWDWWDWWWWWWLWWWL,34,11,10,3,3,3,4,36,24,14,13
524,530,2023-05-24,Atletico Madrid,WLWDWLWWWDWLDLWLDWWDWWDWWWWWWLWWWLWD,36,12,10,3,4,3,4,39,27,14,16
525,530,2023-05-31,Atletico Madrid,WLWDWLWWWDWLDLWLDWWDWWDWWWWWWLWWWLWDW,37,13,10,3,4,3,4,41,27,15,16
526,530,2023-06-07,Atletico Madrid,WLWDWLWWWDWLDLWLDWWDWWDWWWWWWLWWWLWDWD,38,13,10,3,5,3,4,41,29,15,18
527,531,2023-01-04,Athletic Club,DWWLWWWDLDLWLWD,15,5,2,1,3,2,2,12,12,4,10
528,531,2023-01-11,Athletic Club,DWWLWWWDLDLWLWDD,16,5,2,2,3,2,2,12,12,4,10
529,531,2023-01-18,Athletic Club,DWWLWWWDLDLWLWDDL,17,5,2,2,3,2,3,12,13,4,13
530,531,2023-01-25,Athletic Club,DWWLWWWDLDLWLWDDLL,18,5,2,2,3,3,3,12,13,6,13
531,531,2023-02-01,Athletic Club,DWWLWWWDLDLWLWDDLLL,19,5,2,2,3,3,4,12,13,6,14
532,531,2023-02-08,Athletic Club,DWWLWWWDLDLWLWDDLLLW,20,6,2,2,3,3,4,16,13,7,14
533,531,2023-02-15,Athletic Club,DWWLWWWDLDLWLWDDLLLWW,21,6,3,2,3,3,4,16,15,7,15
534,531,2023-02-22,Athletic Club,DWWLWWWDLDLWLWDDLLLWWL,22,6,3,2,3,3,5,16,15,7,16
535,531,2023-03-01,Athletic Club,DWWLWWWDLDLWLWDDLLLWWLL,23,6,3,2,3,4,5,18,15,10,16
536,531,2023-03-08,Athletic Club,DWWLWWWDLDLWLWDDLLLWWLLD,24,6,3,2,4,4,5,18,15,10,16
537,531,2023-03-15,Athletic Club,DWWLWWWDLDLWLWDDLLLWWLLDL,25,6,3,2,4,5,5,18,15,11,16
538,531,2023-03-22,Athletic Club,DWWLWWWDLDLWLWDDLLLWWLLDLW,26,6,4,2,4,5,5,18,18,11,17
539,531,2023-03-29,Athletic Club,DWWLWWWDLDLWLWDDLLLWWLLDLW,26,6,4,2,4,5,5,18,18,11,17
540,531,2023-04-05,Athletic Club,DWWLWWWDLDLWLWDDLLLWWLLDLWD,27,6,4,3,4,5,5,18,18,11,17
541,531,2023-04-12,Athletic Club,DWWLWWWDLDLWLWDDLLLWWLLDLWDW,28,6,5,3,4,5,5,18,20,11,18
542,531,2023-04-19,Athletic Club,DWWLWWWDLDLWLWDDLLLWWLLDLWDWW,29,7,5,3,4,5,5,20,20,11,18
543,531,2023-04-26,Athletic Club,DWWLWWWDLDLWLWDDLLLWWLLDLWDWWW,30,7,6,3,4,5,5,20,22,11,19
544,531,2023-05-03,Athletic Club,DWWLWWWDLDLWLWDDLLLWWLLDLWDWWWLD,32,7,6,3,5,6,5,20,23,12,20
545,531,2023-05-10,Athletic Club,DWWLWWWDLDLWLWDDLLLWWLLDLWDWWWLDL,33,7,6,3,5,7,5,20,23,13,20
546,531,2023-05-17,Athletic Club,DWWLWWWDLDLWLWDDLLLWWLLDLWDWWWLDLL,34,7,6,3,5,7,6,20,24,13,25
547,531,2023-05-24,Athletic Club,DWWLWWWDLDLWLWDDLLLWWLLDLWDWWWLDLLW,35,8,6,3,5,7,6,22,24,14,25
548,531,2023-05-31,Athletic Club,DWWLWWWDLDLWLWDDLLLWWLLDLWDWWWLDLLWLL,37,8,6,3,5,8,7,22,24,15,27
549,531,2023-06-07,Athletic Club,DWWLWWWDLDLWLWDDLLLWWLLDLWDWWWLDLLWLLD,38,8,6,3,6,8,7,22,25,15,28
550,532,2023-01-04,Valencia,WLLWLWDWDDLLDWL,15,4,1,1,3,3,3,15,8,7,10
551,532,2023-01-11,Valencia,WLLWLWDWDDLLDWLL,16,4,1,1,3,4,3,15,8,8,10
552,532,2023-01-18,Valencia,WLLWLWDWDDLLDWLL,16,4,1,1,3,4,3,15,8,8,10
553,532,2023-01-25,Valencia,WLLWLWDWDDLLDWLLD,17,4,1,2,3,4,3,17,8,10,10
554,532,2023-02-01,Valencia,WLLWLWDWDDLLDWLLDL,18,4,1,2,3,4,4,17,8,10,11
555,532,2023-02-08,Valencia,WLLWLWDWDDLLDWLLDLLL,20,4,1,2,3,4,6,17,8,10,14
556,532,2023-02-15,Valencia,WLLWLWDWDDLLDWLLDLLLL,21,4,1,2,3,5,6,18,8,12,14
557,532,2023-02-22,Valencia,WLLWLWDWDDLLDWLLDLLLLL,22,4,1,2,3,5,7,18,8,12,15
558,532,2023-03-01,Valencia,WLLWLWDWDDLLDWLLDLLLLLW,23,5,1,2,3,5,7,19,8,12,15
559,532,2023-03-08,Valencia,WLLWLWDWDDLLDWLLDLLLLLWL,24,5,1,2,3,5,8,19,8,12,16
560,532,2023-03-15,Valencia,WLLWLWDWDDLLDWLLDLLLLLWLW,25,6,1,2,3,5,8,20,8,12,16
561,532,2023-03-22,Valencia,WLLWLWDWDDLLDWLLDLLLLLWLWL,26,6,1,2,3,5,9,20,8,12,19
562,532,2023-03-29,Valencia,WLLWLWDWDDLLDWLLDLLLLLWLWL,26,6,1,2,3,5,9,20,8,12,19
563,532,2023-04-05,Valencia,WLLWLWDWDDLLDWLLDLLLLLWLWLD,27,6,1,3,3,5,9,21,8,13,19
564,532,2023-04-12,Valencia,WLLWLWDWDDLLDWLLDLLLLLWLWLDL,28,6,1,3,3,5,10,21,9,13,21
565,532,2023-04-19,Valencia,WLLWLWDWDDLLDWLLDLLLLLWLWLDLL,29,6,1,3,3,6,10,21,9,15,21
566,532,2023-04-26,Valencia,WLLWLWDWDDLLDWLLDLLLLLWLWLDLLW,30,6,2,3,3,6,10,21,11,15,21
567,532,2023-05-03,Valencia,WLLWLWDWDDLLDWLLDLLLLLWLWLDLLWWLD,33,7,2,4,3,6,11,24,12,17,23
568,532,2023-05-10,Valencia,WLLWLWDWDDLLDWLLDLLLLLWLWLDLLWWLD,33,7,2,4,3,6,11,24,12,17,23
569,532,2023-05-17,Valencia,WLLWLWDWDDLLDWLLDLLLLLWLWLDLLWWLDW,34,7,3,4,3,6,11,24,14,17,24
570,532,2023-05-24,Valencia,WLLWLWDWDDLLDWLLDLLLLLWLWLDLLWWLDWW,35,8,3,4,3,6,11,25,14,17,24
571,532,2023-05-31,Valencia,WLLWLWDWDDLLDWLLDLLLLLWLWLDLLWWLDWWLD,37,8,3,5,3,6,12,27,14,19,25
572,532,2023-06-07,Valencia,WLLWLWDWDDLLDWLLDLLLLLWLWLDLLWWLDWWLDD,38,8,3,5,4,6,12,27,15,19,26
573,533,2023-01-04,Villarreal,WWDWLDDLWLWLLWW,15,4,3,1,2,1,4,11,6,5,6
574,533,2023-01-11,Villarreal,WWDWLDDLWLWLLWWW,16,5,3,1,2,1,4,13,6,6,6
575,533,2023-01-18,Villarreal,WWDWLDDLWLWLLWWWD,17,5,3,1,3,1,4,13,7,6,7
576,533,2023-01-25,Villarreal,WWDWLDDLWLWLLWWWDW,18,6,3,1,3,1,4,14,7,6,7
577,533,2023-02-01,Villarreal,WWDWLDDLWLWLLWWWDWL,19,6,3,1,3,2,4,14,7,7,7
578,533,2023-02-08,Villarreal,WWDWLDDLWLWLLWWWDWLL,20,6,3,1,3,2,5,14,8,7,10
579,533,2023-02-15,Villarreal,WWDWLDDLWLWLLWWWDWLLL,21,6,3,1,3,3,5,14,8,8,10
580,533,2023-02-22,Villarreal,WWDWLDDLWLWLLWWWDWLLLL,22,6,3,1,3,3,6,14,10,8,14
581,533,2023-03-01,Villarreal,WWDWLDDLWLWLLWWWDWLLLLW,23,7,3,1,3,3,6,16,10,9,14
582,533,2023-03-08,Villarreal,WWDWLDDLWLWLLWWWDWLLLLWW,24,7,4,1,3,3,6,16,12,9,14
583,533,2023-03-15,Villarreal,WWDWLDDLWLWLLWWWDWLLLLWWD,25,7,4,2,3,3,6,17,12,10,14
584,533,2023-03-22,Villarreal,WWDWLDDLWLWLLWWWDWLLLLWWDW,26,7,5,2,3,3,6,17,15,10,14
585,533,2023-03-29,Villarreal,WWDWLDDLWLWLLWWWDWLLLLWWDW,26,7,5,2,3,3,6,17,15,10,14
586,533,2023-04-05,Villarreal,WWDWLDDLWLWLLWWWDWLLLLWWDWW,27,8,5,2,3,3,6,19,15,10,14
587,533,2023-04-12,Villarreal,WWDWLDDLWLWLLWWWDWLLLLWWDWWW,28,8,6,2,3,3,6,19,18,10,16
588,533,2023-04-19,Villarreal,WWDWLDDLWLWLLWWWDWLLLLWWDWWWL,29,8,6,2,3,4,6,20,18,12,16
589,533,2023-04-26,Villarreal,WWDWLDDLWLWLLWWWDWLLLLWWDWWWLL,30,8,6,2,3,4,7,20,19,12,18
590,533,2023-05-03,Villarreal,WWDWLDDLWLWLLWWWDWLLLLWWDWWWLLWWD,33,10,6,2,4,4,7,27,20,15,19
591,533,2023-05-10,Villarreal,WWDWLDDLWLWLLWWWDWLLLLWWDWWWLLWWD,33,10,6,2,4,4,7,27,20,15,19
592,533,2023-05-17,Villarreal,WWDWLDDLWLWLLWWWDWLLLLWWDWWWLLWWDW,34,11,6,2,4,4,7,32,20,16,19
593,533,2023-05-24,Villarreal,WWDWLDDLWLWLLWWWDWLLLLWWDWWWLLWWDWWW,36,12,7,2,4,4,7,34,22,16,20
594,533,2023-05-31,Villarreal,WWDWLDDLWLWLLWWWDWLLLLWWDWWWLLWWDWWWL,37,12,7,2,4,4,8,34,23,16,22
595,533,2023-06-07,Villarreal,WWDWLDDLWLWLLWWWDWLLLLWWDWWWLLWWDWWWLD,38,12,7,3,4,4,8,36,23,18,22
596,536,2023-01-04,Sevilla,LDLLWDLDWDLLDLD,15,0,2,3,3,4,3,4,10,11,12
597,536,2023-01-11,Sevilla,LDLLWDLDWDLLDLDW,16,1,2,3,3,4,3,6,10,12,12
598,536,2023-01-18,Sevilla,LDLLWDLDWDLLDLDWL,17,1,2,3,3,4,4,6,11,12,14
599,536,2023-01-25,Sevilla,LDLLWDLDWDLLDLDWLW,18,2,2,3,3,4,4,7,11,12,14
600,536,2023-02-01,Sevilla,LDLLWDLDWDLLDLDWLWW,19,3,2,3,3,4,4,10,11,12,14
601,536,2023-02-08,Sevilla,LDLLWDLDWDLLDLDWLWWL,20,3,2,3,3,4,5,10,11,12,17
602,536,2023-02-15,Sevilla,LDLLWDLDWDLLDLDWLWWLW,21,4,2,3,3,4,5,12,11,12,17
603,536,2023-02-22,Sevilla,LDLLWDLDWDLLDLDWLWWLWD,22,4,2,3,4,4,5,12,12,12,18
604,536,2023-03-01,Sevilla,LDLLWDLDWDLLDLDWLWWLWDL,23,4,2,3,4,5,5,14,12,15,18
605,536,2023-03-08,Sevilla,LDLLWDLDWDLLDLDWLWWLWDLL,24,4,2,3,4,5,6,14,13,15,24
606,536,2023-03-15,Sevilla,LDLLWDLDWDLLDLDWLWWLWDLLW,25,5,2,3,4,5,6,16,13,16,24
607,536,2023-03-22,Sevilla,LDLLWDLDWDLLDLDWLWWLWDLLWL,26,5,2,3,4,5,7,16,13,16,26
608,536,2023-03-29,Sevilla,LDLLWDLDWDLLDLDWLWWLWDLLWL,26,5,2,3,4,5,7,16,13,16,26
609,536,2023-04-05,Sevilla,LDLLWDLDWDLLDLDWLWWLWDLLWLW,27,5,3,3,4,5,7,16,15,16,26
610,536,2023-04-12,Sevilla,LDLLWDLDWDLLDLDWLWWLWDLLWLWD,28,5,3,4,4,5,7,18,15,18,26
611,536,2023-04-19,Sevilla,LDLLWDLDWDLLDLDWLWWLWDLLWLWDW,29,5,4,4,4,5,7,18,17,18,26
612,536,2023-04-26,Sevilla,LDLLWDLDWDLLDLDWLWWLWDLLWLWDWW,30,6,4,4,4,5,7,20,17,19,26
613,536,2023-05-03,Sevilla,LDLLWDLDWDLLDLDWLWWLWDLLWLWDWWWL,32,6,5,4,4,6,7,20,18,21,26
614,536,2023-05-10,Sevilla,LDLLWDLDWDLLDLDWLWWLWDLLWLWDWWWLW,33,7,5,4,4,6,7,23,18,23,26
615,536,2023-05-17,Sevilla,LDLLWDLDWDLLDLDWLWWLWDLLWLWDWWWLWW,34,7,6,4,4,6,7,23,21,23,26
616,536,2023-05-24,Sevilla,LDLLWDLDWDLLDLDWLWWLWDLLWLWDWWWLWWDD,36,7,6,5,5,6,7,23,22,23,27
617,536,2023-05-31,Sevilla,LDLLWDLDWDLLDLDWLWWLWDLLWLWDWWWLWWDDL,37,7,6,5,5,7,7,24,22,25,27
618,536,2023-06-07,Sevilla,LDLLWDLDWDLLDLDWLWWLWDLLWLWDWWWLWWDDLL,38,7,6,5,5,7,8,24,23,25,29
619,538,2023-01-04,Celta Vigo,DLWWLLWLLLDLLDD,15,2,1,3,1,3,5,11,4,12,15
620,538,2023-01-11,Celta Vigo,DLWWLLWLLLDLLDDW,16,2,2,3,1,3,5,11,5,12,15
621,538,2023-01-18,Celta Vigo,DLWWLLWLLLDLLDDWD,17,2,2,4,1,3,5,12,5,13,15
622,538,2023-01-25,Celta Vigo,DLWWLLWLLLDLLDDWDL,18,2,2,4,1,3,6,12,5,13,16
623,538,2023-02-01,Celta Vigo,DLWWLLWLLLDLLDDWDLW,19,3,2,4,1,3,6,13,5,13,16
624,538,2023-02-08,Celta Vigo,DLWWLLWLLLDLLDDWDLWW,20,3,3,4,1,3,6,13,9,13,19
625,538,2023-02-15,Celta Vigo,DLWWLLWLLLDLLDDWDLWWL,21,3,3,4,1,4,6,13,9,14,19
626,538,2023-02-22,Celta Vigo,DLWWLLWLLLDLLDDWDLWWLD,22,3,3,4,2,4,6,13,10,14,20
627,538,2023-03-01,Celta Vigo,DLWWLLWLLLDLLDDWDLWWLDW,23,4,3,4,2,4,6,16,10,14,20
628,538,2023-03-08,Celta Vigo,DLWWLLWLLLDLLDDWDLWWLDWD,24,4,3,4,3,4,6,16,10,14,20
629,538,2023-03-15,Celta Vigo,DLWWLLWLLLDLLDDWDLWWLDWDW,25,5,3,4,3,4,6,19,10,14,20
630,538,2023-03-22,Celta Vigo,DLWWLLWLLLDLLDDWDLWWLDWDWW,26,5,4,4,3,4,6,19,13,14,21
631,538,2023-03-29,Celta Vigo,DLWWLLWLLLDLLDDWDLWWLDWDWW,26,5,4,4,3,4,6,19,13,14,21
632,538,2023-04-05,Celta Vigo,DLWWLLWLLLDLLDDWDLWWLDWDWWD,27,5,4,5,3,4,6,21,13,16,21
633,538,2023-04-12,Celta Vigo,DLWWLLWLLLDLLDDWDLWWLDWDWWDD,28,5,4,5,4,4,6,21,15,16,23
634,538,2023-04-19,Celta Vigo,DLWWLLWLLLDLLDDWDLWWLDWDWWDDL,29,5,4,5,4,5,6,21,15,17,23
635,538,2023-04-26,Celta Vigo,DLWWLLWLLLDLLDDWDLWWLDWDWWDDLLW,31,6,4,5,4,5,7,22,15,17,25
636,538,2023-05-03,Celta Vigo,DLWWLLWLLLDLLDDWDLWWLDWDWWDDLLWLL,33,6,4,5,4,5,9,22,16,17,29
637,538,2023-05-10,Celta Vigo,DLWWLLWLLLDLLDDWDLWWLDWDWWDDLLWLL,33,6,4,5,4,5,9,22,16,17,29
638,538,2023-05-17,Celta Vigo,DLWWLLWLLLDLLDDWDLWWLDWDWWDDLLWLLL,34,6,4,5,4,6,9,23,16,19,29
639,538,2023-05-24,Celta Vigo,DLWWLLWLLLDLLDDWDLWWLDWDWWDDLLWLLLLD,36,6,4,6,4,6,10,24,17,20,31
640,538,2023-05-31,Celta Vigo,DLWWLLWLLLDLLDDWDLWWLDWDWWDDLLWLLLLDL,37,6,4,6,4,6,11,24,17,20,32
641,538,2023-06-07,Celta Vigo,DLWWLLWLLLDLLDDWDLWWLDWDWWDDLLWLLLLDLW,38,7,4,6,4,6,11,26,17,21,32
642,540,2023-01-04,Espanyol,DLLWLLDDWLDDDLD,15,1,1,2,5,4,2,8,9,13,10
643,540,2023-01-11,Espanyol,DLLWLLDDWLDDDLDD,16,1,1,3,5,4,2,10,9,15,10
644,540,2023-01-18,Espanyol,DLLWLLDDWLDDDLDDW,17,1,2,3,5,4,2,10,11,15,11
645,540,2023-01-25,Espanyol,DLLWLLDDWLDDDLDDWW,18,2,2,3,5,4,2,11,11,15,11
646,540,2023-02-01,Espanyol,DLLWLLDDWLDDDLDDWWL,19,2,2,3,5,4,3,11,12,15,14
647,540,2023-02-08,Espanyol,DLLWLLDDWLDDDLDDWWLD,20,2,2,4,5,4,3,12,12,16,14
648,540,2023-02-15,Espanyol,DLLWLLDDWLDDDLDDWWLDL,21,2,2,4,5,5,3,14,12,19,14
649,540,2023-02-22,Espanyol,DLLWLLDDWLDDDLDDWWLDLW,22,2,3,4,5,5,3,14,13,19,14
650,540,2023-03-01,Espanyol,DLLWLLDDWLDDDLDDWWLDLWW,23,3,3,4,5,5,3,16,13,20,14
651,540,2023-03-08,Espanyol,DLLWLLDDWLDDDLDDWWLDLWWL,24,3,3,4,5,5,4,16,14,20,16
652,540,2023-03-15,Espanyol,DLLWLLDDWLDDDLDDWWLDLWWLL,25,3,3,4,5,5,5,16,15,20,19
653,540,2023-03-22,Espanyol,DLLWLLDDWLDDDLDDWWLDLWWLLL,26,3,3,4,5,6,5,17,15,23,19
654,540,2023-03-29,Espanyol,DLLWLLDDWLDDDLDDWWLDLWWLLL,26,3,3,4,5,6,5,17,15,23,19
655,540,2023-04-05,Espanyol,DLLWLLDDWLDDDLDDWWLDLWWLLLL,27,3,3,4,5,6,6,17,16,23,21
656,540,2023-04-12,Espanyol,DLLWLLDDWLDDDLDDWWLDLWWLLLLL,28,3,3,4,5,7,6,18,16,25,21
657,540,2023-04-19,Espanyol,DLLWLLDDWLDDDLDDWWLDLWWLLLLLL,29,3,3,4,5,7,7,18,17,25,24
658,540,2023-04-26,Espanyol,DLLWLLDDWLDDDLDDWWLDLWWLLLLLLD,30,3,3,5,5,7,7,18,17,25,24
659,540,2023-05-03,Espanyol,DLLWLLDDWLDDDLDDWWLDLWWLLLLLLDLW,32,4,3,5,5,7,8,19,19,25,28
660,540,2023-05-10,Espanyol,DLLWLLDDWLDDDLDDWWLDLWWLLLLLLDLWL,33,4,3,5,5,7,9,19,21,25,31
661,540,2023-05-17,Espanyol,DLLWLLDDWLDDDLDDWWLDLWWLLLLLLDLWLL,34,4,3,5,5,8,9,21,21,29,31
662,540,2023-05-24,Espanyol,DLLWLLDDWLDDDLDDWWLDLWWLLLLLLDLWLLWD,36,4,4,6,5,8,9,24,23,32,32
663,540,2023-05-31,Espanyol,DLLWLLDDWLDDDLDDWWLDLWWLLLLLLDLWLLWDD,37,4,4,6,6,8,9,24,25,32,34
664,540,2023-06-07,Espanyol,DLLWLLDDWLDDDLDDWWLDLWWLLLLLLDLWLLWDDD,38,4,4,7,6,8,9,27,25,35,34
665,541,2023-01-04,Real Madrid,WWWWWWDWWWWDLWW,15,5,7,2,0,0,1,16,19,7,7
666,541,2023-01-11,Real Madrid,WWWWWWDWWWWDLWWL,16,5,7,2,0,0,2,16,20,7,9
667,541,2023-01-18,Real Madrid,WWWWWWDWWWWDLWWL,16,5,7,2,0,0,2,16,20,7,9
668,541,2023-01-25,Real Madrid,WWWWWWDWWWWDLWWLW,17,5,8,2,0,0,2,16,22,7,9
669,541,2023-02-01,Real Madrid,WWWWWWDWWWWDLWWLWD,18,5,8,3,0,0,2,16,22,7,9
670,541,2023-02-08,Real Madrid,WWWWWWDWWWWDLWWLWDWL,20,6,8,3,0,0,3,18,22,7,10
671,541,2023-02-15,Real Madrid,WWWWWWDWWWWDLWWLWDWLW,21,7,8,3,0,0,3,22,22,7,10
672,541,2023-02-22,Real Madrid,WWWWWWDWWWWDLWWLWDWLWW,22,7,9,3,0,0,3,22,24,7,10
673,541,2023-03-01,Real Madrid,WWWWWWDWWWWDLWWLWDWLWWD,23,7,9,4,0,0,3,23,24,8,10
674,541,2023-03-08,Real Madrid,WWWWWWDWWWWDLWWLWDWLWWDD,24,7,9,4,1,0,3,23,24,8,10
675,541,2023-03-15,Real Madrid,WWWWWWDWWWWDLWWLWDWLWWDDW,25,8,9,4,1,0,3,26,24,9,10
676,541,2023-03-22,Real Madrid,WWWWWWDWWWWDLWWLWDWLWWDDWL,26,8,9,4,1,0,4,26,25,9,12
677,541,2023-03-29,Real Madrid,WWWWWWDWWWWDLWWLWDWLWWDDWL,26,8,9,4,1,0,4,26,25,9,12
678,541,2023-04-05,Real Madrid,WWWWWWDWWWWDLWWLWDWLWWDDWLW,27,9,9,4,1,0,4,32,25,9,12
679,541,2023-04-12,Real Madrid,WWWWWWDWWWWDLWWLWDWLWWDDWLWL,28,9,9,4,1,1,4,34,25,12,12
680,541,2023-04-19,Real Madrid,WWWWWWDWWWWDLWWLWDWLWWDDWLWLW,29,9,10,4,1,1,4,34,27,12,12
681,541,2023-04-26,Real Madrid,WWWWWWDWWWWDLWWLWDWLWWDDWLWLWWL,31,10,10,4,1,1,5,36,29,12,16
682,541,2023-05-03,Real Madrid,WWWWWWDWWWWDLWWLWDWLWWDDWLWLWWLWL,33,11,10,4,1,1,6,40,29,14,18
683,541,2023-05-10,Real Madrid,WWWWWWDWWWWDLWWLWDWLWWDDWLWLWWLWL,33,11,10,4,1,1,6,40,29,14,18
684,541,2023-05-17,Real Madrid,WWWWWWDWWWWDLWWLWDWLWWDDWLWLWWLWLW,34,12,10,4,1,1,6,41,29,14,18
685,541,2023-05-24,Real Madrid,WWWWWWDWWWWDLWWLWDWLWWDDWLWLWWLWLWLW,36,13,10,4,1,1,7,43,29,15,19
686,541,2023-05-31,Real Madrid,WWWWWWDWWWWDLWWLWDWLWWDDWLWLWWLWLWLWW,37,13,11,4,1,1,7,43,31,15,20
687,541,2023-06-07,Real Madrid,WWWWWWDWWWWDLWWLWDWLWWDDWLWLWWLWLWLWWD,38,13,11,5,1,1,7,44,31,16,20
688,543,2023-01-04,Real Betis,WWWLWWLDWDLWDLD,15,5,2,2,2,1,3,12,5,5,7
689,543,2023-01-11,Real Betis,WWWLWWLDWDLWDLDW,16,5,3,2,2,1,3,12,7,5,8
690,543,2023-01-18,Real Betis,WWWLWWLDWDLWDLDW,16,5,3,2,2,1,3,12,7,5,8
691,543,2023-01-25,Real Betis,WWWLWWLDWDLWDLDWL,17,5,3,2,2,1,4,12,7,5,9
692,543,2023-02-01,Real Betis,WWWLWWLDWDLWDLDWLWL,19,5,4,2,2,2,4,13,8,7,9
693,543,2023-02-08,Real Betis,WWWLWWLDWDLWDLDWLWLL,20,5,4,2,2,3,4,16,8,11,9
694,543,2023-02-15,Real Betis,WWWLWWLDWDLWDLDWLWLLW,21,5,5,2,2,3,4,16,11,11,11
695,543,2023-02-22,Real Betis,WWWLWWLDWDLWDLDWLWLLWW,22,6,5,2,2,3,4,18,11,12,11
696,543,2023-03-01,Real Betis,WWWLWWLDWDLWDLDWLWLLWWW,23,6,6,2,2,3,4,18,14,12,13
697,543,2023-03-08,Real Betis,WWWLWWLDWDLWDLDWLWLLWWWD,24,6,6,3,2,3,4,18,14,12,13
698,543,2023-03-15,Real Betis,WWWLWWLDWDLWDLDWLWLLWWWDD,25,6,6,3,3,3,4,18,15,12,14
699,543,2023-03-22,Real Betis,WWWLWWLDWDLWDLDWLWLLWWWDDW,26,7,6,3,3,3,4,19,15,12,14
700,543,2023-03-29,Real Betis,WWWLWWLDWDLWDLDWLWLLWWWDDW,26,7,6,3,3,3,4,19,15,12,14
701,543,2023-04-05,Real Betis,WWWLWWLDWDLWDLDWLWLLWWWDDWL,27,7,6,3,3,3,5,19,15,12,15
702,543,2023-04-12,Real Betis,WWWLWWLDWDLWDLDWLWLLWWWDDWLL,28,7,6,3,3,4,5,19,15,14,15
703,543,2023-04-19,Real Betis,WWWLWWLDWDLWDLDWLWLLWWWDDWLLW,29,8,6,3,3,4,5,22,15,15,15
704,543,2023-04-26,Real Betis,WWWLWWLDWDLWDLDWLWLLWWWDDWLLWLD,31,8,6,4,3,4,6,22,17,15,18
705,543,2023-05-03,Real Betis,WWWLWWLDWDLWDLDWLWLLWWWDDWLLWLDL,32,8,6,4,3,4,7,22,17,15,22
706,543,2023-05-10,Real Betis,WWWLWWLDWDLWDLDWLWLLWWWDDWLLWLDLW,33,8,7,4,3,4,7,22,18,15,22
707,543,2023-05-17,Real Betis,WWWLWWLDWDLWDLDWLWLLWWWDDWLLWLDLWW,34,9,7,4,3,4,7,25,18,16,22
708,543,2023-05-24,Real Betis,WWWLWWLDWDLWDLDWLWLLWWWDDWLLWLDLWWDL,36,9,7,4,4,5,7,25,18,17,22
709,543,2023-05-31,Real Betis,WWWLWWLDWDLWDLDWLWLLWWWDDWLLWLDLWWDLW,37,9,8,4,4,5,7,25,20,17,23
710,543,2023-06-07,Real Betis,WWWLWWLDWDLWDLDWLWLLWWWDDWLLWLDLWWDLWD,38,9,8,5,4,5,7,26,20,18,23
711,546,2023-01-04,Getafe,LLDLWWLLDDDWDLW,15,2,2,3,2,3,3,8,6,10,10
712,546,2023-01-11,Getafe,LLDLWWLLDDDWDLWL,16,2,2,3,2,3,4,8,7,10,12
713,546,2023-01-18,Getafe,LLDLWWLLDDDWDLWLL,17,2,2,3,2,4,4,9,7,12,12
714,546,2023-01-25,Getafe,LLDLWWLLDDDWDLWLLL,18,2,2,3,2,4,5,9,7,12,13
715,546,2023-02-01,Getafe,LLDLWWLLDDDWDLWLLLL,19,2,2,3,2,5,5,9,7,13,13
716,546,2023-02-08,Getafe,LLDLWWLLDDDWDLWLLLLD,20,2,2,3,3,5,5,9,8,13,14
717,546,2023-02-15,Getafe,LLDLWWLLDDDWDLWLLLLDD,21,2,2,4,3,5,5,10,8,14,14
718,546,2023-02-22,Getafe,LLDLWWLLDDDWDLWLLLLDDW,22,3,2,4,3,5,5,11,8,14,14
719,546,2023-03-01,Getafe,LLDLWWLLDDDWDLWLLLLDDWL,23,3,2,4,3,5,6,11,9,14,16
720,546,2023-03-08,Getafe,LLDLWWLLDDDWDLWLLLLDDWLW,24,4,2,4,3,5,6,14,9,16,16
721,546,2023-03-15,Getafe,LLDLWWLLDDDWDLWLLLLDDWLWD,25,4,2,4,4,5,6,14,11,16,18
722,546,2023-03-22,Getafe,LLDLWWLLDDDWDLWLLLLDDWLWDW,26,5,2,4,4,5,6,16,11,16,18
723,546,2023-03-29,Getafe,LLDLWWLLDDDWDLWLLLLDDWLWDW,26,5,2,4,4,5,6,16,11,16,18
724,546,2023-04-05,Getafe,LLDLWWLLDDDWDLWLLLLDDWLWDWD,27,5,2,4,5,5,6,16,11,16,18
725,546,2023-04-12,Getafe,LLDLWWLLDDDWDLWLLLLDDWLWDWDL,28,5,2,4,5,5,7,16,11,16,20
726,546,2023-04-19,Getafe,LLDLWWLLDDDWDLWLLLLDDWLWDWDLD,29,5,2,5,5,5,7,16,11,16,20
727,546,2023-04-26,Getafe,LLDLWWLLDDDWDLWLLLLDDWLWDWDLDLL,31,5,2,5,5,6,8,17,12,18,23
728,546,2023-05-03,Getafe,LLDLWWLLDDDWDLWLLLLDDWLWDWDLDLLLW,33,6,2,5,5,6,9,18,12,18,24
729,546,2023-05-10,Getafe,LLDLWWLLDDDWDLWLLLLDDWLWDWDLDLLLW,33,6,2,5,5,6,9,18,12,18,24
730,546,2023-05-17,Getafe,LLDLWWLLDDDWDLWLLLLDDWLWDWDLDLLLWL,34,6,2,5,5,6,10,18,12,18,25
731,546,2023-05-24,Getafe,LLDLWWLLDDDWDLWLLLLDDWLWDWDLDLLLWLDW,36,6,3,6,5,6,10,19,13,19,25
732,546,2023-05-31,Getafe,LLDLWWLLDDDWDLWLLLLDDWLWDWDLDLLLWLDWW,37,7,3,6,5,6,10,21,13,20,25
733,546,2023-06-07,Getafe,LLDLWWLLDDDWDLWLLLLDDWLWDWDLDLLLWLDWWD,38,7,3,6,6,6,10,21,13,20,25
734,547,2023-01-04,Girona,LWLDWLLLDLDDWWD,15,3,1,3,2,2,4,14,8,13,11
735,547,2023-01-11,Girona,LWLDWLLLDLDDWWDD,16,3,1,3,3,2,4,14,10,13,13
736,547,2023-01-18,Girona,LWLDWLLLDLDDWWDDW,17,4,1,3,3,2,4,16,10,14,13
737,547,2023-01-25,Girona,LWLDWLLLDLDDWWDDWL,18,4,1,3,3,2,5,16,10,14,14
738,547,2023-02-01,Girona,LWLDWLLLDLDDWWDDWLL,19,4,1,3,3,3,5,16,10,15,14
739,547,2023-02-08,Girona,LWLDWLLLDLDDWWDDWLLW,20,5,1,3,3,3,5,17,10,15,14
740,547,2023-02-15,Girona,LWLDWLLLDLDDWWDDWLLWL,21,5,1,3,3,3,6,17,10,15,16
741,547,2023-02-22,Girona,LWLDWLLLDLDDWWDDWLLWLW,22,6,1,3,3,3,6,23,10,17,16
742,547,2023-03-01,Girona,LWLDWLLLDLDDWWDDWLLWLWW,23,6,2,3,3,3,6,23,13,17,18
743,547,2023-03-08,Girona,LWLDWLLLDLDDWWDDWLLWLWWL,24,6,2,3,3,3,7,23,15,17,21
744,547,2023-03-15,Girona,LWLDWLLLDLDDWWDDWLLWLWWLL,25,6,2,3,3,4,7,23,15,18,21
745,547,2023-03-22,Girona,LWLDWLLLDLDDWWDDWLLWLWWLLD,26,6,2,3,4,4,7,23,17,18,23
746,547,2023-03-29,Girona,LWLDWLLLDLDDWWDDWLLWLWWLLD,26,6,2,3,4,4,7,23,17,18,23
747,547,2023-04-05,Girona,LWLDWLLLDLDDWWDDWLLWLWWLLDW,27,7,2,3,4,4,7,25,17,19,23
748,547,2023-04-12,Girona,LWLDWLLLDLDDWWDDWLLWLWWLLDWD,28,7,2,3,5,4,7,25,17,19,23
749,547,2023-04-19,Girona,LWLDWLLLDLDDWWDDWLLWLWWLLDWDW,29,8,2,3,5,4,7,27,17,19,23
750,547,2023-04-26,Girona,LWLDWLLLDLDDWWDDWLLWLWWLLDWDWLW,31,9,2,3,5,4,8,31,17,21,24
751,547,2023-05-03,Girona,LWLDWLLLDLDDWWDDWLLWLWWLLDWDWLWW,32,9,3,3,5,4,8,31,19,21,24
752,547,2023-05-10,Girona,LWLDWLLLDLDDWWDDWLLWLWWLLDWDWLWWW,33,10,3,3,5,4,8,33,19,22,24
753,547,2023-05-17,Girona,LWLDWLLLDLDDWWDDWLLWLWWLLDWDWLWWWD,34,10,3,3,6,4,8,33,21,22,26
754,547,2023-05-24,Girona,LWLDWLLLDLDDWWDDWLLWLWWLLDWDWLWWWDLD,36,10,3,3,7,5,8,34,22,24,27
755,547,2023-05-31,Girona,LWLDWLLLDLDDWWDDWLLWLWWLLDWDWLWWWDLDL,37,10,3,3,7,6,8,35,22,26,27
756,547,2023-06-07,Girona,LWLDWLLLDLDDWWDDWLLWLWWLLDWDWLWWWDLDLL,38,10,3,3,7,6,9,35,23,26,29
757,548,2023-01-04,Real Sociedad,WLWDLWWWWWLLDWW,15,4,5,2,0,2,2,9,12,9,8
758,548,2023-01-11,Real Sociedad,WLWDLWWWWWLLDWWW,16,4,6,2,0,2,2,9,14,9,8
759,548,2023-01-18,Real Sociedad,WLWDLWWWWWLLDWWWW,17,5,6,2,0,2,2,12,14,10,8
760,548,2023-01-25,Real Sociedad,WLWDLWWWWWLLDWWWWW,18,5,7,2,0,2,2,12,16,10,8
761,548,2023-02-01,Real Sociedad,WLWDLWWWWWLLDWWWWWD,19,5,7,2,1,2,2,12,16,10,8
762,548,2023-02-08,Real Sociedad,WLWDLWWWWWLLDWWWWWDL,20,5,7,2,1,3,2,12,16,11,8
763,548,2023-02-15,Real Sociedad,WLWDLWWWWWLLDWWWWWDLW,21,5,8,2,1,3,2,12,19,11,10
764,548,2023-02-22,Real Sociedad,WLWDLWWWWWLLDWWWWWDLWD,22,5,8,3,1,3,2,13,19,12,10
765,548,2023-03-01,Real Sociedad,WLWDLWWWWWLLDWWWWWDLWDL,23,5,8,3,1,3,3,13,19,12,11
766,548,2023-03-08,Real Sociedad,WLWDLWWWWWLLDWWWWWDLWDLD,24,5,8,4,1,3,3,13,19,12,11
767,548,2023-03-15,Real Sociedad,WLWDLWWWWWLLDWWWWWDLWDLDD,25,5,8,4,2,3,3,13,20,12,12
768,548,2023-03-22,Real Sociedad,WLWDLWWWWWLLDWWWWWDLWDLDDW,26,6,8,4,2,3,3,15,20,12,12
769,548,2023-03-29,Real Sociedad,WLWDLWWWWWLLDWWWWWDLWDLDDW,26,6,8,4,2,3,3,15,20,12,12
770,548,2023-04-05,Real Sociedad,WLWDLWWWWWLLDWWWWWDLWDLDDWL,27,6,8,4,2,3,4,15,20,12,14
771,548,2023-04-12,Real Sociedad,WLWDLWWWWWLLDWWWWWDLWDLDDWLW,28,7,8,4,2,3,4,17,20,12,14
772,548,2023-04-19,Real Sociedad,WLWDLWWWWWLLDWWWWWDLWDLDDWLWL,29,7,8,4,2,3,5,17,20,12,16
773,548,2023-04-26,Real Sociedad,WLWDLWWWWWLLDWWWWWDLWDLDDWLWLWD,31,8,8,4,3,3,5,19,20,13,16
774,548,2023-05-03,Real Sociedad,WLWDLWWWWWLLDWWWWWDLWDLDDWLWLWDWW,33,9,9,4,3,3,5,21,22,13,16
775,548,2023-05-10,Real Sociedad,WLWDLWWWWWLLDWWWWWDLWDLDDWLWLWDWW,33,9,9,4,3,3,5,21,22,13,16
776,548,2023-05-17,Real Sociedad,WLWDLWWWWWLLDWWWWWDLWDLDDWLWLWDWWD,34,9,9,5,3,3,5,23,22,15,16
777,548,2023-05-24,Real Sociedad,WLWDLWWWWWLLDWWWWWDLWDLDDWLWLWDWWDWW,36,10,10,5,3,3,5,24,24,15,17
778,548,2023-05-31,Real Sociedad,WLWDLWWWWWLLDWWWWWDLWDLDDWLWLWDWWDWWL,37,10,10,5,3,3,6,24,25,15,19
779,548,2023-06-07,Real Sociedad,WLWDLWWWWWLLDWWWWWDLWDLDDWLWLWDWWDWWLW,38,11,10,5,3,3,6,26,25,16,19
780,720,2023-01-04,Valladolid,LDLWLLWDLWWLWLL,15,4,1,1,1,3,5,8,5,8,15
781,720,2023-01-11,Valladolid,LDLWLLWDLWWLWLLL,16,4,1,1,1,3,6,8,5,8,16
782,720,2023-01-18,Valladolid,LDLWLLWDLWWLWLLLL,17,4,1,1,1,4,6,8,5,9,16
783,720,2023-01-25,Valladolid,LDLWLLWDLWWLWLLLLL,18,4,1,1,1,4,7,8,5,9,19
784,720,2023-02-01,Valladolid,LDLWLLWDLWWLWLLLLLW,19,5,1,1,1,4,7,9,5,9,19
785,720,2023-02-08,Valladolid,LDLWLLWDLWWLWLLLLLWW,20,5,2,1,1,4,7,9,6,9,19
786,720,2023-02-15,Valladolid,LDLWLLWDLWWLWLLLLLWWD,21,5,2,2,1,4,7,9,6,9,19
787,720,2023-02-22,Valladolid,LDLWLLWDLWWLWLLLLLWWDL,22,5,2,2,1,4,8,9,7,9,21
788,720,2023-03-01,Valladolid,LDLWLLWDLWWLWLLLLLWWDLL,23,5,2,2,1,4,9,9,7,9,24
789,720,2023-03-08,Valladolid,LDLWLLWDLWWLWLLLLLWWDLLW,24,6,2,2,1,4,9,11,7,10,24
790,720,2023-03-15,Valladolid,LDLWLLWDLWWLWLLLLLWWDLLWD,25,6,2,2,2,4,9,11,8,10,25
791,720,2023-03-22,Valladolid,LDLWLLWDLWWLWLLLLLWWDLLWDL,26,6,2,2,2,5,9,12,8,13,25
792,720,2023-03-29,Valladolid,LDLWLLWDLWWLWLLLLLWWDLLWDL,26,6,2,2,2,5,9,12,8,13,25
793,720,2023-04-05,Valladolid,LDLWLLWDLWWLWLLLLLWWDLLWDLL,27,6,2,2,2,5,10,12,8,13,31
794,720,2023-04-12,Valladolid,LDLWLLWDLWWLWLLLLLWWDLLWDLLD,28,6,2,3,2,5,10,15,8,16,31
795,720,2023-04-19,Valladolid,LDLWLLWDLWWLWLLLLLWWDLLWDLLDW,29,6,3,3,2,5,10,15,10,16,32
796,720,2023-04-26,Valladolid,LDLWLLWDLWWLWLLLLLWWDLLWDLLDWW,30,7,3,3,2,5,10,16,10,16,32
797,720,2023-05-03,Valladolid,LDLWLLWDLWWLWLLLLLWWDLLWDLLDWWLL,32,7,3,3,2,6,11,18,11,21,34
798,720,2023-05-10,Valladolid,LDLWLLWDLWWLWLLLLLWWDLLWDLLDWWLLL,33,7,3,3,2,6,12,18,12,21,36
799,720,2023-05-17,Valladolid,LDLWLLWDLWWLWLLLLLWWDLLWDLLDWWLLLL,34,7,3,3,2,7,12,18,12,24,36
800,720,2023-05-24,Valladolid,LDLWLLWDLWWLWLLLLLWWDLLWDLLDWWLLLLLW,36,8,3,3,2,7,13,21,12,25,38
801,720,2023-05-31,Valladolid,LDLWLLWDLWWLWLLLLLWWDLLWDLLDWWLLLLLWD,37,8,3,3,3,7,13,21,12,25,38
802,720,2023-06-07,Valladolid,LDLWLLWDLWWLWLLLLLWWDLLWDLLDWWLLLLLWDD,38,8,3,4,3,7,13,21,12,25,38
803,723,2023-01-04,Almeria,LDWLLLLWLWLWLWD,15,5,0,0,2,2,6,13,4,8,15
804,723,2023-01-11,Almeria,LDWLLLLWLWLWLWDL,16,5,0,0,2,3,6,13,4,10,15
805,723,2023-01-18,Almeria,LDWLLLLWLWLWLWDLD,17,5,0,1,2,3,6,14,4,11,15
806,723,2023-01-25,Almeria,LDWLLLLWLWLWLWDLDD,18,5,0,1,3,3,6,14,6,11,17
807,723,2023-02-01,Almeria,LDWLLLLWLWLWLWDLDDW,19,6,0,1,3,3,6,17,6,12,17
808,723,2023-02-08,Almeria,LDWLLLLWLWLWLWDLDDWL,20,6,0,1,3,3,7,17,6,12,19
809,723,2023-02-15,Almeria,LDWLLLLWLWLWLWDLDDWLL,21,6,0,1,3,4,7,19,6,15,19
810,723,2023-02-22,Almeria,LDWLLLLWLWLWLWDLDDWLLL,22,6,0,1,3,4,8,19,8,15,25
811,723,2023-03-01,Almeria,LDWLLLLWLWLWLWDLDDWLLLW,23,7,0,1,3,4,8,20,8,15,25
812,723,2023-03-08,Almeria,LDWLLLLWLWLWLWDLDDWLLLWL,24,7,0,1,3,5,8,20,8,17,25
813,723,2023-03-15,Almeria,LDWLLLLWLWLWLWDLDDWLLLWLL,25,7,0,1,3,5,9,20,9,17,27
814,723,2023-03-22,Almeria,LDWLLLLWLWLWLWDLDDWLLLWLLD,26,7,0,2,3,5,9,21,9,18,27
815,723,2023-03-29,Almeria,LDWLLLLWLWLWLWDLDDWLLLWLLD,26,7,0,2,3,5,9,21,9,18,27
816,723,2023-04-05,Almeria,LDWLLLLWLWLWLWDLDDWLLLWLLDD,27,7,0,2,4,5,9,21,11,18,29
817,723,2023-04-12,Almeria,LDWLLLLWLWLWLWDLDDWLLLWLLDDW,28,8,0,2,4,5,9,23,11,19,29
818,723,2023-04-19,Almeria,LDWLLLLWLWLWLWDLDDWLLLWLLDDWL,29,8,0,2,4,5,10,23,12,19,31
819,723,2023-04-26,Almeria,LDWLLLLWLWLWLWDLDDWLLLWLLDDWLLW,31,8,1,2,4,6,10,24,14,21,32
820,723,2023-05-03,Almeria,LDWLLLLWLWLWLWDLDDWLLLWLLDDWLLWLW,33,9,1,2,4,6,11,26,16,22,36
821,723,2023-05-10,Almeria,LDWLLLLWLWLWLWDLDDWLLLWLLDDWLLWLW,33,9,1,2,4,6,11,26,16,22,36
822,723,2023-05-17,Almeria,LDWLLLLWLWLWLWDLDDWLLLWLLDDWLLWLWL,34,9,1,2,4,6,12,26,17,22,39
823,723,2023-05-24,Almeria,LDWLLLLWLWLWLWDLDDWLLLWLLDDWLLWLWLWL,36,10,1,2,4,6,13,29,17,22,40
824,723,2023-05-31,Almeria,LDWLLLLWLWLWLWDLDDWLLLWLLDDWLLWLWLWLD,37,10,1,3,4,6,13,29,17,22,40
825,723,2023-06-07,Almeria,LDWLLLLWLWLWLWDLDDWLLLWLLDDWLLWLWLWLDD,38,10,1,3,5,6,13,29,20,22,43
826,724,2023-01-04,Cadiz,LLLLLWDDDDLWDLD,15,1,1,4,2,3,4,6,4,14,13
827,724,2023-01-11,Cadiz,LLLLLWDDDDLWDLDW,16,1,2,4,2,3,4,6,5,14,13
828,724,2023-01-18,Cadiz,LLLLLWDDDDLWDLDWD,17,1,2,5,2,3,4,7,5,15,13
829,724,2023-01-25,Cadiz,LLLLLWDDDDLWDLDWDL,18,1,2,5,2,3,5,7,5,15,14
830,724,2023-02-01,Cadiz,LLLLLWDDDDLWDLDWDLW,19,2,2,5,2,3,5,9,5,15,14
831,724,2023-02-08,Cadiz,LLLLLWDDDDLWDLDWDLWL,20,2,2,5,2,3,6,9,6,15,18
832,724,2023-02-15,Cadiz,LLLLLWDDDDLWDLDWDLWLW,21,3,2,5,2,3,6,11,6,15,18
833,724,2023-02-22,Cadiz,LLLLLWDDDDLWDLDWDLWLWL,22,3,2,5,2,3,7,11,6,15,20
834,724,2023-03-01,Cadiz,LLLLLWDDDDLWDLDWDLWLWLW,23,4,2,5,2,3,7,12,6,15,20
835,724,2023-03-08,Cadiz,LLLLLWDDDDLWDLDWDLWLWLWD,24,4,2,5,3,3,7,12,6,15,20
836,724,2023-03-15,Cadiz,LLLLLWDDDDLWDLDWDLWLWLWDD,25,4,2,6,3,3,7,14,6,17,20
837,724,2023-03-22,Cadiz,LLLLLWDDDDLWDLDWDLWLWLWDDD,26,4,2,6,4,3,7,14,7,17,21
838,724,2023-03-29,Cadiz,LLLLLWDDDDLWDLDWDLWLWLWDDD,26,4,2,6,4,3,7,14,7,17,21
839,724,2023-04-05,Cadiz,LLLLLWDDDDLWDLDWDLWLWLWDDDL,27,4,2,6,4,4,7,14,7,19,21
840,724,2023-04-12,Cadiz,LLLLLWDDDDLWDLDWDLWLWLWDDDLW,28,4,3,6,4,4,7,14,9,19,21
841,724,2023-04-19,Cadiz,LLLLLWDDDDLWDLDWDLWLWLWDDDLWL,29,4,3,6,4,5,7,14,9,21,21
842,724,2023-04-26,Cadiz,LLLLLWDDDDLWDLDWDLWLWLWDDDLWLDL,31,4,3,6,5,6,7,14,9,22,21
843,724,2023-05-03,Cadiz,LLLLLWDDDDLWDLDWDLWLWLWDDDLWLDLWL,33,5,3,6,5,6,8,16,10,23,26
844,724,2023-05-10,Cadiz,LLLLLWDDDDLWDLDWDLWLWLWDDDLWLDLWL,33,5,3,6,5,6,8,16,10,23,26
845,724,2023-05-17,Cadiz,LLLLLWDDDDLWDLDWDLWLWLWDDDLWLDLWLL,34,5,3,6,5,6,9,16,10,23,27
846,724,2023-05-24,Cadiz,LLLLLWDDDDLWDLDWDLWLWLWDDDLWLDLWLLWL,36,6,3,6,5,6,10,18,10,23,29
847,724,2023-05-31,Cadiz,LLLLLWDDDDLWDLDWDLWLWLWDDDLWLDLWLLWLW,37,7,3,6,5,6,10,19,10,23,29
848,724,2023-06-07,Cadiz,LLLLLWDDDDLWDLDWDLWLWLWDDDLWLDLWLLWLWD,38,7,3,6,6,6,10,19,11,23,30
849,727,2023-01-04,Osasuna,WWLWWLDLLWDWWLL,15,5,2,0,2,3,3,11,5,8,8
850,727,2023-01-11,Osasuna,WWLWWLDLLWDWWLLD,16,5,2,0,3,3,3,11,5,8,8
851,727,2023-01-18,Osasuna,WWLWWLDLLWDWWLLDW,17,6,2,0,3,3,3,12,5,8,8
852,727,2023-01-25,Osasuna,WWLWWLDLLWDWWLLDWD,18,6,2,0,4,3,3,12,6,8,9
853,727,2023-02-01,Osasuna,WWLWWLDLLWDWWLLDWDL,19,6,2,0,4,4,3,12,6,9,9
854,727,2023-02-08,Osasuna,WWLWWLDLLWDWWLLDWDLD,20,6,2,0,5,4,3,12,7,9,10
855,727,2023-02-15,Osasuna,WWLWWLDLLWDWWLLDWDLDD,21,6,2,0,6,4,3,12,7,9,10
856,727,2023-02-22,Osasuna,WWLWWLDLLWDWWLLDWDLDDL,22,6,2,0,6,5,3,12,7,11,10
857,727,2023-03-01,Osasuna,WWLWWLDLLWDWWLLDWDLDDLW,23,6,3,0,6,5,3,12,10,11,12
858,727,2023-03-08,Osasuna,WWLWWLDLLWDWWLLDWDLDDLWD,24,6,3,1,6,5,3,12,10,11,12
859,727,2023-03-15,Osasuna,WWLWWLDLLWDWWLLDWDLDDLWDL,25,6,3,1,6,5,4,12,10,11,13
860,727,2023-03-22,Osasuna,WWLWWLDLLWDWWLLDWDLDDLWDLL,26,6,3,1,6,6,4,12,10,14,13
861,727,2023-03-29,Osasuna,WWLWWLDLLWDWWLLDWDLDDLWDLL,26,6,3,1,6,6,4,12,10,14,13
862,727,2023-04-05,Osasuna,WWLWWLDLLWDWWLLDWDLDDLWDLLD,27,6,3,1,7,6,4,12,10,14,13
863,727,2023-04-12,Osasuna,WWLWWLDLLWDWWLLDWDLDDLWDLLDW,28,7,3,1,7,6,4,14,10,15,13
864,727,2023-04-19,Osasuna,WWLWWLDLLWDWWLLDWDLDDLWDLLDWL,29,7,3,1,7,6,5,14,11,15,15
865,727,2023-04-26,Osasuna,WWLWWLDLLWDWWLLDWDLDDLWDLLDWLWW,31,8,4,1,7,6,5,17,12,17,15
866,727,2023-05-03,Osasuna,WWLWWLDLLWDWWLLDWDLDDLWDLLDWLWWLL,33,8,4,1,7,7,6,17,12,19,16
867,727,2023-05-10,Osasuna,WWLWWLDLLWDWWLLDWDLDDLWDLLDWLWWLL,33,8,4,1,7,7,6,17,12,19,16
868,727,2023-05-17,Osasuna,WWLWWLDLLWDWWLLDWDLDDLWDLLDWLWWLLW,34,9,4,1,7,7,6,20,12,20,16
869,727,2023-05-24,Osasuna,WWLWWLDLLWDWWLLDWDLDDLWDLLDWLWWLLWL,35,9,4,1,7,7,7,20,12,20,19
870,727,2023-05-31,Osasuna,WWLWWLDLLWDWWLLDWDLDDLWDLLDWLWWLLWLWL,37,10,4,1,7,7,8,22,13,20,21
871,727,2023-06-07,Osasuna,WWLWWLDLLWDWWLLDWDLDDLWDLLDWLWWLLWLWLW,38,11,4,1,7,7,8,24,13,21,21
872,728,2023-01-04,Rayo Vallecano,DWLLWLWLDDWWWDD,15,4,2,2,3,1,3,12,10,7,11
873,728,2023-01-11,Rayo Vallecano,DWLLWLWLDDWWWDDL,16,4,2,2,3,2,3,13,10,9,11
874,728,2023-01-18,Rayo Vallecano,DWLLWLWLDDWWWDDLW,17,4,3,2,3,2,3,13,11,9,11
875,728,2023-01-25,Rayo Vallecano,DWLLWLWLDDWWWDDLWL,18,4,3,2,3,3,3,13,11,11,11
876,728,2023-02-01,Rayo Vallecano,DWLLWLWLDDWWWDDLWLW,19,4,4,2,3,3,3,13,12,11,11
877,728,2023-02-08,Rayo Vallecano,DWLLWLWLDDWWWDDLWLWW,20,5,4,2,3,3,3,15,12,11,11
878,728,2023-02-15,Rayo Vallecano,DWLLWLWLDDWWWDDLWLWWD,21,5,4,2,4,3,3,15,13,11,12
879,728,2023-02-22,Rayo Vallecano,DWLLWLWLDDWWWDDLWLWWDD,22,5,4,3,4,3,3,16,13,12,12
880,728,2023-03-01,Rayo Vallecano,DWLLWLWLDDWWWDDLWLWWDDL,23,5,4,3,4,3,4,16,13,12,13
881,728,2023-03-08,Rayo Vallecano,DWLLWLWLDDWWWDDLWLWWDDLD,24,5,4,4,4,3,4,16,13,12,13
882,728,2023-03-15,Rayo Vallecano,DWLLWLWLDDWWWDDLWLWWDDLDL,25,5,4,4,4,3,5,16,13,12,16
883,728,2023-03-22,Rayo Vallecano,DWLLWLWLDDWWWDDLWLWWDDLDLD,26,5,4,5,4,3,5,18,13,14,16
884,728,2023-03-29,Rayo Vallecano,DWLLWLWLDDWWWDDLWLWWDDLDLD,26,5,4,5,4,3,5,18,13,14,16
885,728,2023-04-05,Rayo Vallecano,DWLLWLWLDDWWWDDLWLWWDDLDLDD,27,5,4,5,5,3,5,18,14,14,17
886,728,2023-04-12,Rayo Vallecano,DWLLWLWLDDWWWDDLWLWWDDLDLDDL,28,5,4,5,5,4,5,19,14,16,17
887,728,2023-04-19,Rayo Vallecano,DWLLWLWLDDWWWDDLWLWWDDLDLDDLW,29,6,4,5,5,4,5,21,14,17,17
888,728,2023-04-26,Rayo Vallecano,DWLLWLWLDDWWWDDLWLWWDDLDLDDLWLW,31,7,4,5,5,4,6,23,15,18,19
889,728,2023-05-03,Rayo Vallecano,DWLLWLWLDDWWWDDLWLWWDDLDLDDLWLWL,32,7,4,5,5,4,7,23,15,18,23
890,728,2023-05-10,Rayo Vallecano,DWLLWLWLDDWWWDDLWLWWDDLDLDDLWLWLW,33,8,4,5,5,4,7,25,15,19,23
891,728,2023-05-17,Rayo Vallecano,DWLLWLWLDDWWWDDLWLWWDDLDLDDLWLWLWL,34,8,4,5,5,4,8,25,16,19,26
892,728,2023-05-24,Rayo Vallecano,DWLLWLWLDDWWWDDLWLWWDDLDLDDLWLWLWLLL,36,8,4,5,5,5,9,26,17,21,28
893,728,2023-05-31,Rayo Vallecano,DWLLWLWLDDWWWDDLWLWWDDLDLDDLWLWLWLLLW,37,9,4,5,5,5,9,28,17,22,28
894,728,2023-06-07,Rayo Vallecano,DWLLWLWLDDWWWDDLWLWWDDLDLDDLWLWLWLLLWL,38,9,4,5,5,5,10,28,17,22,31
895,797,2023-01-04,Elche,LDLLLLLDDLDLLLL,15,0,0,2,2,5,6,4,6,13,20
896,797,2023-01-11,Elche,LDLLLLLDDLDLLLLL,16,0,0,2,2,6,6,4,6,14,20
897,797,2023-01-18,Elche,LDLLLLLDDLDLLLLLD,17,0,0,2,3,6,6,4,7,14,21
898,797,2023-01-25,Elche,LDLLLLLDDLDLLLLLDD,18,0,0,3,3,6,6,5,7,15,21
899,797,2023-02-01,Elche,LDLLLLLDDLDLLLLLDDL,19,0,0,3,3,6,7,5,7,15,24
900,797,2023-02-08,Elche,LDLLLLLDDLDLLLLLDDLW,20,1,0,3,3,6,7,8,7,16,24
901,797,2023-02-15,Elche,LDLLLLLDDLDLLLLLDDLWL,21,1,0,3,3,6,8,8,7,16,28
902,797,2023-02-22,Elche,LDLLLLLDDLDLLLLLDDLWLL,22,1,0,3,3,7,8,8,7,17,28
903,797,2023-03-01,Elche,LDLLLLLDDLDLLLLLDDLWLLL,23,1,0,3,3,8,8,10,7,20,28
904,797,2023-03-08,Elche,LDLLLLLDDLDLLLLLDDLWLLLW,24,1,1,3,3,8,8,10,8,20,28
905,797,2023-03-15,Elche,LDLLLLLDDLDLLLLLDDLWLLLWD,25,1,1,4,3,8,8,11,8,21,28
906,797,2023-03-22,Elche,LDLLLLLDDLDLLLLLDDLWLLLWDL,26,1,1,4,3,8,9,11,8,21,30
907,797,2023-03-29,Elche,LDLLLLLDDLDLLLLLDDLWLLLWDL,26,1,1,4,3,8,9,11,8,21,30
908,797,2023-04-05,Elche,LDLLLLLDDLDLLLLLDDLWLLLWDLL,27,1,1,4,3,9,9,11,8,25,30
909,797,2023-04-12,Elche,LDLLLLLDDLDLLLLLDDLWLLLWDLLL,28,1,1,4,3,9,10,11,9,25,32
910,797,2023-04-19,Elche,LDLLLLLDDLDLLLLLDDLWLLLWDLLLL,29,1,1,4,3,9,11,11,9,25,34
911,797,2023-04-26,Elche,LDLLLLLDDLDLLLLLDDLWLLLWDLLLLLL,31,1,1,4,3,10,12,11,9,27,35
912,797,2023-05-03,Elche,LDLLLLLDDLDLLLLLDDLWLLLWDLLLLLLWL,33,2,1,4,3,10,13,15,10,27,37
913,797,2023-05-10,Elche,LDLLLLLDDLDLLLLLDDLWLLLWDLLLLLLWL,33,2,1,4,3,10,13,15,10,27,37
914,797,2023-05-17,Elche,LDLLLLLDDLDLLLLLDDLWLLLWDLLLLLLWLW,34,3,1,4,3,10,13,16,10,27,37
915,797,2023-05-24,Elche,LDLLLLLDDLDLLLLLDDLWLLLWDLLLLLLWLWDD,36,3,1,5,4,10,13,17,11,28,38
916,797,2023-05-31,Elche,LDLLLLLDDLDLLLLLDDLWLLLWDLLLLLLWLWDDW,37,3,2,5,4,10,13,17,12,28,38
917,797,2023-06-07,Elche,LDLLLLLDDLDLLLLLDDLWLLLWDLLLLLLWLWDDWD,38,3,2,6,4,10,13,18,12,29,38
918,798,2023-01-04,Mallorca,DLWDLWLDLLWDWWL,15,2,3,2,2,3,3,5,8,6,9
919,798,2023-01-11,Mallorca,DLWDLWLDLLWDWWLW,16,3,3,2,2,3,3,6,8,6,9
920,798,2023-01-18,Mallorca,DLWDLWLDLLWDWWLWL,17,3,3,2,2,3,4,6,8,6,10
921,798,2023-01-25,Mallorca,DLWDLWLDLLWDWWLWLW,18,4,3,2,2,3,4,7,8,6,10
922,798,2023-02-01,Mallorca,DLWDLWLDLLWDWWLWLWL,19,4,3,2,2,3,5,7,8,6,12
923,798,2023-02-08,Mallorca,DLWDLWLDLLWDWWLWLWLW,20,5,3,2,2,3,5,8,8,6,12
924,798,2023-02-15,Mallorca,DLWDLWLDLLWDWWLWLWLWL,21,5,3,2,2,3,6,8,8,6,14
925,798,2023-02-22,Mallorca,DLWDLWLDLLWDWWLWLWLWLW,22,6,3,2,2,3,6,12,8,8,14
926,798,2023-03-01,Mallorca,DLWDLWLDLLWDWWLWLWLWLWL,23,6,3,2,2,3,7,12,9,8,16
927,798,2023-03-08,Mallorca,DLWDLWLDLLWDWWLWLWLWLWLL,24,6,3,2,2,4,7,12,9,9,16
928,798,2023-03-15,Mallorca,DLWDLWLDLLWDWWLWLWLWLWLLD,25,6,3,3,2,4,7,13,9,10,16
929,798,2023-03-22,Mallorca,DLWDLWLDLLWDWWLWLWLWLWLLDL,26,6,3,3,2,4,8,13,9,10,17
930,798,2023-03-29,Mallorca,DLWDLWLDLLWDWWLWLWLWLWLLDL,26,6,3,3,2,4,8,13,9,10,17
931,798,2023-04-05,Mallorca,DLWDLWLDLLWDWWLWLWLWLWLLDLD,27,6,3,4,2,4,8,13,9,10,17
932,798,2023-04-12,Mallorca,DLWDLWLDLLWDWWLWLWLWLWLLDLDD,28,6,3,4,3,4,8,13,12,10,20
933,798,2023-04-19,Mallorca,DLWDLWLDLLWDWWLWLWLWLWLLDLDDW,29,6,4,4,3,4,8,13,13,10,20
934,798,2023-04-26,Mallorca,DLWDLWLDLLWDWWLWLWLWLWLLDLDDWWL,31,7,4,4,3,4,9,16,14,11,23
935,798,2023-05-03,Mallorca,DLWDLWLDLLWDWWLWLWLWLWLLDLDDWWLD,32,7,4,5,3,4,9,17,14,12,23
936,798,2023-05-10,Mallorca,DLWDLWLDLLWDWWLWLWLWLWLLDLDDWWLDL,33,7,4,5,3,4,10,17,15,12,25
937,798,2023-05-17,Mallorca,DLWDLWLDLLWDWWLWLWLWLWLLDLDDWWLDLW,34,8,4,5,3,4,10,18,15,12,25
938,798,2023-05-24,Mallorca,DLWDLWLDLLWDWWLWLWLWLWLLDLDDWWLDLWL,35,8,4,5,3,4,11,18,15,12,28
939,798,2023-05-31,Mallorca,DLWDLWLDLLWDWWLWLWLWLWLLDLDDWWLDLWLWL,37,9,4,5,3,4,12,19,15,12,31
940,798,2023-06-07,Mallorca,DLWDLWLDLLWDWWLWLWLWLWLLDLDDWWLDLWLWLW,38,10,4,5,3,4,12,22,15,12,31
